-- =====================================================
-- 05_客户信息管理初始化.sql
-- 成本管理系统 - 客户信息管理功能初始化
-- 页面: customer-manage (主从表: 客户+分销商)
-- =====================================================

-- 1. 表元数据
DELETE FROM T_COST_TABLE_METADATA WHERE TABLE_CODE IN ('CostCustomer', 'CostTranposer', 'CostCustomerLookup');

INSERT INTO T_COST_TABLE_METADATA (ID, TABLE_CODE, TABLE_NAME, QUERY_VIEW, TARGET_TABLE, SEQUENCE_NAME, PK_COLUMN, PARENT_TABLE_CODE, PARENT_FK_COLUMN, AUDIT_ENABLED, VALIDATION_RULES, ACTION_RULES, DESCRIPTION, DELETED, CREATE_TIME, UPDATE_TIME, CREATE_BY, UPDATE_BY) 
VALUES (70, 'CostCustomer', '客户信息', 'T_COST_CUSTOMER_V', 'T_COST_CUSTOMER', 'SEQ_COST_CUSTOMER', 'CUSTOMID', NULL, NULL, 0, NULL, NULL, NULL, 0, SYSDATE, SYSDATE, 'system', NULL);

INSERT INTO T_COST_TABLE_METADATA (ID, TABLE_CODE, TABLE_NAME, QUERY_VIEW, TARGET_TABLE, SEQUENCE_NAME, PK_COLUMN, PARENT_TABLE_CODE, PARENT_FK_COLUMN, AUDIT_ENABLED, VALIDATION_RULES, ACTION_RULES, DESCRIPTION, DELETED, CREATE_TIME, UPDATE_TIME, CREATE_BY, UPDATE_BY) 
VALUES (71, 'CostTranposer', '分销商信息', 'T_COST_TRANPOSER_V', 'T_COST_TRANPOSER', 'SEQ_COST_TRANPOSER', 'TRANPOSID', 'CostCustomer', 'CUSTOMID', 0, NULL, NULL, NULL, 0, SYSDATE, SYSDATE, 'system', NULL);

INSERT INTO T_COST_TABLE_METADATA (ID, TABLE_CODE, TABLE_NAME, QUERY_VIEW, TARGET_TABLE, SEQUENCE_NAME, PK_COLUMN, PARENT_TABLE_CODE, PARENT_FK_COLUMN, AUDIT_ENABLED, VALIDATION_RULES, ACTION_RULES, DESCRIPTION, DELETED, CREATE_TIME, UPDATE_TIME, CREATE_BY, UPDATE_BY) 
VALUES (125, 'CostCustomerLookup', '客户选择', 'V_COST_CUSTOMER_LOOKUP', 'T_COST_CUSTOMER_V', NULL, 'CUSTOMID', NULL, NULL, 0, NULL, NULL, NULL, 0, SYSDATE, SYSDATE, 'system', NULL);

-- 2. 列元数据 - 客户信息
DELETE FROM T_COST_COLUMN_METADATA WHERE TABLE_METADATA_ID IN (70, 71, 125);

INSERT INTO T_COST_COLUMN_METADATA (ID, TABLE_METADATA_ID, FIELD_NAME, COLUMN_NAME, QUERY_COLUMN, TARGET_COLUMN, HEADER_TEXT, DATA_TYPE, DISPLAY_ORDER, SORTABLE, FILTERABLE, IS_VIRTUAL, DICT_TYPE, DELETED, CREATE_TIME, UPDATE_TIME, CREATE_BY, UPDATE_BY) VALUES (734, 70, 'id', 'CUSTOMID', NULL, NULL, '客户ID', 'number', 0, 1, 1, 0, NULL, 0, SYSDATE, SYSDATE, 'system', NULL);
INSERT INTO T_COST_COLUMN_METADATA (ID, TABLE_METADATA_ID, FIELD_NAME, COLUMN_NAME, QUERY_COLUMN, TARGET_COLUMN, HEADER_TEXT, DATA_TYPE, DISPLAY_ORDER, SORTABLE, FILTERABLE, IS_VIRTUAL, DICT_TYPE, DELETED, CREATE_TIME, UPDATE_TIME, CREATE_BY, UPDATE_BY) VALUES (735, 70, 'customname', 'CUSTOMNAME', NULL, NULL, '客户名称', 'text', 1, 1, 1, 0, NULL, 0, SYSDATE, SYSDATE, 'system', NULL);
INSERT INTO T_COST_COLUMN_METADATA (ID, TABLE_METADATA_ID, FIELD_NAME, COLUMN_NAME, QUERY_COLUMN, TARGET_COLUMN, HEADER_TEXT, DATA_TYPE, DISPLAY_ORDER, SORTABLE, FILTERABLE, IS_VIRTUAL, DICT_TYPE, DELETED, CREATE_TIME, UPDATE_TIME, CREATE_BY, UPDATE_BY) VALUES (736, 70, 'zone', 'ZONE', NULL, NULL, '区域', 'text', 2, 1, 1, 0, NULL, 0, SYSDATE, SYSDATE, 'system', NULL);
INSERT INTO T_COST_COLUMN_METADATA (ID, TABLE_METADATA_ID, FIELD_NAME, COLUMN_NAME, QUERY_COLUMN, TARGET_COLUMN, HEADER_TEXT, DATA_TYPE, DISPLAY_ORDER, SORTABLE, FILTERABLE, IS_VIRTUAL, DICT_TYPE, DELETED, CREATE_TIME, UPDATE_TIME, CREATE_BY, UPDATE_BY) VALUES (737, 70, 'iserp', 'ISERP', NULL, NULL, '是否ERP', 'number', 99, 1, 1, 1, NULL, 0, SYSDATE, SYSDATE, 'system', NULL);

-- 列元数据 - 分销商信息
INSERT INTO T_COST_COLUMN_METADATA (ID, TABLE_METADATA_ID, FIELD_NAME, COLUMN_NAME, QUERY_COLUMN, TARGET_COLUMN, HEADER_TEXT, DATA_TYPE, DISPLAY_ORDER, SORTABLE, FILTERABLE, IS_VIRTUAL, DICT_TYPE, DELETED, CREATE_TIME, UPDATE_TIME, CREATE_BY, UPDATE_BY) VALUES (738, 71, 'id', 'TRANPOSID', NULL, NULL, '分销商ID', 'number', 0, 1, 1, 0, NULL, 0, SYSDATE, SYSDATE, 'system', NULL);
INSERT INTO T_COST_COLUMN_METADATA (ID, TABLE_METADATA_ID, FIELD_NAME, COLUMN_NAME, QUERY_COLUMN, TARGET_COLUMN, HEADER_TEXT, DATA_TYPE, DISPLAY_ORDER, SORTABLE, FILTERABLE, IS_VIRTUAL, DICT_TYPE, DELETED, CREATE_TIME, UPDATE_TIME, CREATE_BY, UPDATE_BY) VALUES (739, 71, 'customid', 'CUSTOMID', NULL, NULL, '客户ID', 'number', 1, 1, 1, 0, NULL, 0, SYSDATE, SYSDATE, 'system', NULL);
INSERT INTO T_COST_COLUMN_METADATA (ID, TABLE_METADATA_ID, FIELD_NAME, COLUMN_NAME, QUERY_COLUMN, TARGET_COLUMN, HEADER_TEXT, DATA_TYPE, DISPLAY_ORDER, SORTABLE, FILTERABLE, IS_VIRTUAL, DICT_TYPE, DELETED, CREATE_TIME, UPDATE_TIME, CREATE_BY, UPDATE_BY) VALUES (740, 71, 'tranposname', 'TRANPOSNAME', NULL, NULL, '分销商名称', 'text', 2, 1, 1, 0, NULL, 0, SYSDATE, SYSDATE, 'system', NULL);
INSERT INTO T_COST_COLUMN_METADATA (ID, TABLE_METADATA_ID, FIELD_NAME, COLUMN_NAME, QUERY_COLUMN, TARGET_COLUMN, HEADER_TEXT, DATA_TYPE, DISPLAY_ORDER, SORTABLE, FILTERABLE, IS_VIRTUAL, DICT_TYPE, DELETED, CREATE_TIME, UPDATE_TIME, CREATE_BY, UPDATE_BY) VALUES (741, 71, 'iserp', 'ISERP', NULL, NULL, '是否ERP', 'number', 99, 1, 1, 1, NULL, 0, SYSDATE, SYSDATE, 'system', NULL);

-- 列元数据 - 客户选择(Lookup用)
INSERT INTO T_COST_COLUMN_METADATA (ID, TABLE_METADATA_ID, FIELD_NAME, COLUMN_NAME, QUERY_COLUMN, TARGET_COLUMN, HEADER_TEXT, DATA_TYPE, DISPLAY_ORDER, SORTABLE, FILTERABLE, IS_VIRTUAL, DICT_TYPE, DELETED, CREATE_TIME, UPDATE_TIME, CREATE_BY, UPDATE_BY) VALUES (1377, 125, 'customid', 'CUSTOMID', NULL, NULL, '客户ID', 'number', 0, 1, 1, 0, NULL, 0, SYSDATE, SYSDATE, 'system', NULL);
INSERT INTO T_COST_COLUMN_METADATA (ID, TABLE_METADATA_ID, FIELD_NAME, COLUMN_NAME, QUERY_COLUMN, TARGET_COLUMN, HEADER_TEXT, DATA_TYPE, DISPLAY_ORDER, SORTABLE, FILTERABLE, IS_VIRTUAL, DICT_TYPE, DELETED, CREATE_TIME, UPDATE_TIME, CREATE_BY, UPDATE_BY) VALUES (1378, 125, 'customname', 'CUSTOMNAME', NULL, NULL, '客户名称', 'text', 1, 1, 1, 0, NULL, 0, SYSDATE, SYSDATE, 'system', NULL);
INSERT INTO T_COST_COLUMN_METADATA (ID, TABLE_METADATA_ID, FIELD_NAME, COLUMN_NAME, QUERY_COLUMN, TARGET_COLUMN, HEADER_TEXT, DATA_TYPE, DISPLAY_ORDER, SORTABLE, FILTERABLE, IS_VIRTUAL, DICT_TYPE, DELETED, CREATE_TIME, UPDATE_TIME, CREATE_BY, UPDATE_BY) VALUES (1379, 125, 'country', 'COUNTRY', NULL, NULL, '国家', 'text', 2, 1, 1, 0, NULL, 0, SYSDATE, SYSDATE, 'system', NULL);
INSERT INTO T_COST_COLUMN_METADATA (ID, TABLE_METADATA_ID, FIELD_NAME, COLUMN_NAME, QUERY_COLUMN, TARGET_COLUMN, HEADER_TEXT, DATA_TYPE, DISPLAY_ORDER, SORTABLE, FILTERABLE, IS_VIRTUAL, DICT_TYPE, DELETED, CREATE_TIME, UPDATE_TIME, CREATE_BY, UPDATE_BY) VALUES (1380, 125, 'livery', 'LIVERY', NULL, NULL, '分销商', 'text', 3, 1, 1, 0, NULL, 0, SYSDATE, SYSDATE, 'system', NULL);

-- 3. 页面组件
DELETE FROM T_COST_PAGE_COMPONENT WHERE PAGE_CODE = 'customer-manage';

INSERT INTO T_COST_PAGE_COMPONENT (ID, PAGE_CODE, COMPONENT_KEY, COMPONENT_TYPE, PARENT_KEY, COMPONENT_CONFIG, REF_TABLE_CODE, SLOT_NAME, SORT_ORDER, DELETED, DESCRIPTION, CREATE_TIME, UPDATE_TIME, CREATE_BY, UPDATE_BY) VALUES (83, 'customer-manage', 'root', 'LAYOUT', NULL, '{"direction":"vertical","gap":8}', NULL, NULL, 0, 0, NULL, SYSDATE, SYSDATE, 'system', NULL);
INSERT INTO T_COST_PAGE_COMPONENT (ID, PAGE_CODE, COMPONENT_KEY, COMPONENT_TYPE, PARENT_KEY, COMPONENT_CONFIG, REF_TABLE_CODE, SLOT_NAME, SORT_ORDER, DELETED, DESCRIPTION, CREATE_TIME, UPDATE_TIME, CREATE_BY, UPDATE_BY) VALUES (84, 'customer-manage', 'masterGrid', 'GRID', 'root', '{"height":"50%","selectionMode":"single","buttons":[{"action":"addRow","label":"新增"},{"action":"copyRow","label":"复制","requiresRow":true},{"action":"deleteRow","label":"删除","requiresRow":true},{"action":"saveGridConfig","label":"保存列配置"},{"label":"导出","items":[{"action":"exportSelected","label":"导出选中","requiresSelection":true},{"action":"exportCurrent","label":"导出当前页"},{"action":"exportAll","label":"导出全部"},{"action":"resetExportConfig","label":"重置导出配置"},{"action":"openHeaderConfig","label":"配置导出表头"}]},{"action":"save","label":"保存"},{"action":"clipboard.copy","label":"复制"},{"action":"clipboard.paste","label":"粘贴"}]}', 'CostCustomer', NULL, 1, 0, NULL, SYSDATE, SYSDATE, 'system', NULL);
INSERT INTO T_COST_PAGE_COMPONENT (ID, PAGE_CODE, COMPONENT_KEY, COMPONENT_TYPE, PARENT_KEY, COMPONENT_CONFIG, REF_TABLE_CODE, SLOT_NAME, SORT_ORDER, DELETED, DESCRIPTION, CREATE_TIME, UPDATE_TIME, CREATE_BY, UPDATE_BY) VALUES (85, 'customer-manage', 'detailTabs', 'TABS', 'root', '{"mode":"single","tabs":[{"key":"tranposer","title":"分销商","tableCode":"CostTranposer","buttons":[{"action":"addRow","label":"新增"},{"action":"copyRow","label":"复制","requiresRow":true},{"action":"deleteRow","label":"删除","requiresRow":true},{"action":"saveGridConfig","label":"保存列配置"},{"label":"导出","items":[{"action":"exportSelected","label":"导出选中","requiresSelection":true},{"action":"exportCurrent","label":"导出当前页"},{"action":"exportAll","label":"导出全部"},{"action":"resetExportConfig","label":"重置导出配置"},{"action":"openHeaderConfig","label":"配置导出表头"}]},{"action":"save","label":"保存"},{"action":"clipboard.copy","label":"复制"},{"action":"clipboard.paste","label":"粘贴"}]}]}', NULL, NULL, 2, 0, NULL, SYSDATE, SYSDATE, 'system', NULL);

-- 4. 页面规则
DELETE FROM T_COST_PAGE_RULE WHERE PAGE_CODE = 'customer-manage';

INSERT INTO T_COST_PAGE_RULE (ID, PAGE_CODE, COMPONENT_KEY, RULE_TYPE, RULES, SORT_ORDER, DESCRIPTION, DELETED, CREATE_TIME, UPDATE_TIME, CREATE_BY, UPDATE_BY) VALUES (273, 'customer-manage', 'detailTabs', 'RELATION', '{"masterKey":"masterGrid","detailKey":"detailTabs"}', 0, NULL, 0, SYSDATE, SYSDATE, 'system', NULL);
INSERT INTO T_COST_PAGE_RULE (ID, PAGE_CODE, COMPONENT_KEY, RULE_TYPE, RULES, SORT_ORDER, DESCRIPTION, DELETED, CREATE_TIME, UPDATE_TIME, CREATE_BY, UPDATE_BY) VALUES (274, 'customer-manage', 'masterGrid', 'COLUMN_OVERRIDE', '[{"field":"id","width":null,"editable":true},{"field":"customname","width":null,"editable":true,"searchable":true},{"field":"zone","width":null,"editable":true},{"field":"iserp","visible":false}]', 0, NULL, 0, SYSDATE, SYSDATE, 'system', NULL);
INSERT INTO T_COST_PAGE_RULE (ID, PAGE_CODE, COMPONENT_KEY, RULE_TYPE, RULES, SORT_ORDER, DESCRIPTION, DELETED, CREATE_TIME, UPDATE_TIME, CREATE_BY, UPDATE_BY) VALUES (275, 'customer-manage', 'tranposer', 'COLUMN_OVERRIDE', '[{"field":"id","width":null,"editable":true},{"field":"customid","visible":false,"editable":false},{"field":"tranposname","width":null,"editable":true},{"field":"iserp","visible":false}]', 0, NULL, 0, SYSDATE, SYSDATE, 'system', NULL);
INSERT INTO T_COST_PAGE_RULE (ID, PAGE_CODE, COMPONENT_KEY, RULE_TYPE, RULES, SORT_ORDER, DESCRIPTION, DELETED, CREATE_TIME, UPDATE_TIME, CREATE_BY, UPDATE_BY) VALUES (276, 'customer-manage', 'masterGrid', 'ROW_CLASS', '[{"field":"iserp","operator":"eq","value":1,"className":"row-confirmed"}]', 0, NULL, 0, SYSDATE, SYSDATE, 'system', NULL);
INSERT INTO T_COST_PAGE_RULE (ID, PAGE_CODE, COMPONENT_KEY, RULE_TYPE, RULES, SORT_ORDER, DESCRIPTION, DELETED, CREATE_TIME, UPDATE_TIME, CREATE_BY, UPDATE_BY) VALUES (277, 'customer-manage', 'tranposer', 'ROW_CLASS', '[{"field":"iserp","operator":"eq","value":1,"className":"row-confirmed"}]', 0, NULL, 0, SYSDATE, SYSDATE, 'system', NULL);
INSERT INTO T_COST_PAGE_RULE (ID, PAGE_CODE, COMPONENT_KEY, RULE_TYPE, RULES, SORT_ORDER, DESCRIPTION, DELETED, CREATE_TIME, UPDATE_TIME, CREATE_BY, UPDATE_BY) VALUES (498, 'customer-manage', 'masterGrid', 'ROW_EDITABLE', '[{"field":"iserp","operator":"ne","value":1}]', 0, NULL, 0, SYSDATE, SYSDATE, 'system', NULL);
INSERT INTO T_COST_PAGE_RULE (ID, PAGE_CODE, COMPONENT_KEY, RULE_TYPE, RULES, SORT_ORDER, DESCRIPTION, DELETED, CREATE_TIME, UPDATE_TIME, CREATE_BY, UPDATE_BY) VALUES (499, 'customer-manage', 'tranposer', 'ROW_EDITABLE', '[{"field":"iserp","operator":"ne","value":1}]', 0, NULL, 0, SYSDATE, SYSDATE, 'system', NULL);

-- 5. Lookup配置
DELETE FROM T_COST_LOOKUP_CONFIG WHERE LOOKUP_CODE = 'costCustomer';
INSERT INTO T_COST_LOOKUP_CONFIG (ID, LOOKUP_CODE, LOOKUP_NAME, DATA_SOURCE, DISPLAY_COLUMNS, VALUE_FIELD, LABEL_FIELD, DELETED, CREATE_TIME, UPDATE_TIME, CREATE_BY, UPDATE_BY) VALUES (80, 'costCustomer', '客户选择', 'V_COST_CUSTOMER_LOOKUP', '[{"field":"customid","header":"客户ID","width":80},{"field":"customname","header":"客户名称","width":200},{"field":"country","header":"国家","width":100},{"field":"livery","header":"分销商","width":150}]', 'customid', 'customname', 0, SYSDATE, SYSDATE, 'system', NULL);

COMMIT;
