-- =====================================================
-- 06_产品信息维护初始化.sql
-- 成本管理系统 - 产品信息维护功能初始化
-- 页面: goods-manage
-- =====================================================

-- 1. 表元数据
DELETE FROM T_COST_TABLE_METADATA WHERE TABLE_CODE IN ('CostGoods', 'CostGoodsLookup', 'CostGoodsByApex');

INSERT INTO T_COST_TABLE_METADATA (ID, TABLE_CODE, TABLE_NAME, QUERY_VIEW, TARGET_TABLE, SEQUENCE_NAME, PK_COLUMN, PARENT_TABLE_CODE, PARENT_FK_COLUMN, AUDIT_ENABLED, VALIDATION_RULES, ACTION_RULES, DESCRIPTION, DELETED, CREATE_TIME, UPDATE_TIME, CREATE_BY, UPDATE_BY) 
VALUES (131, 'CostGoods', '产品信息维护', 'T_COST_GOODS_V', 'T_COST_GOODS', 'SEQ_COST_GOODS', 'GOODSID', NULL, NULL, 0, NULL, NULL, NULL, 0, SYSDATE, SYSDATE, 'system', NULL);

INSERT INTO T_COST_TABLE_METADATA (ID, TABLE_CODE, TABLE_NAME, QUERY_VIEW, TARGET_TABLE, SEQUENCE_NAME, PK_COLUMN, PARENT_TABLE_CODE, PARENT_FK_COLUMN, AUDIT_ENABLED, VALIDATION_RULES, ACTION_RULES, DESCRIPTION, DELETED, CREATE_TIME, UPDATE_TIME, CREATE_BY, UPDATE_BY) 
VALUES (124, 'CostGoodsLookup', '产品选择', 'V_COST_GOODS_LOOKUP', 'T_COST_GOODS', NULL, 'GOODSID', NULL, NULL, 0, NULL, NULL, NULL, 0, SYSDATE, SYSDATE, 'system', NULL);

INSERT INTO T_COST_TABLE_METADATA (ID, TABLE_CODE, TABLE_NAME, QUERY_VIEW, TARGET_TABLE, SEQUENCE_NAME, PK_COLUMN, PARENT_TABLE_CODE, PARENT_FK_COLUMN, AUDIT_ENABLED, VALIDATION_RULES, ACTION_RULES, DESCRIPTION, DELETED, CREATE_TIME, UPDATE_TIME, CREATE_BY, UPDATE_BY) 
VALUES (129, 'CostGoodsByApex', '产品选择(按物料)', 'V_COST_GOODS_BY_APEX', 'V_COST_GOODS_BY_APEX', NULL, 'GOODSID', NULL, NULL, 0, NULL, NULL, NULL, 0, SYSDATE, SYSDATE, 'system', NULL);

-- 2. 列元数据 - 产品信息维护
DELETE FROM T_COST_COLUMN_METADATA WHERE TABLE_METADATA_ID IN (131, 124, 129);

INSERT INTO T_COST_COLUMN_METADATA (ID, TABLE_METADATA_ID, FIELD_NAME, COLUMN_NAME, QUERY_COLUMN, TARGET_COLUMN, HEADER_TEXT, DATA_TYPE, DISPLAY_ORDER, SORTABLE, FILTERABLE, IS_VIRTUAL, DICT_TYPE, DELETED, CREATE_TIME, UPDATE_TIME, CREATE_BY, UPDATE_BY) VALUES (1414, 131, 'id', 'GOODSID', NULL, NULL, '产品ID', 'number', 0, 1, 1, 0, NULL, 0, SYSDATE, SYSDATE, 'system', NULL);
INSERT INTO T_COST_COLUMN_METADATA (ID, TABLE_METADATA_ID, FIELD_NAME, COLUMN_NAME, QUERY_COLUMN, TARGET_COLUMN, HEADER_TEXT, DATA_TYPE, DISPLAY_ORDER, SORTABLE, FILTERABLE, IS_VIRTUAL, DICT_TYPE, DELETED, CREATE_TIME, UPDATE_TIME, CREATE_BY, UPDATE_BY) VALUES (1415, 131, 'goodsno', 'GOODSNO', NULL, NULL, '华益代码', 'text', 1, 1, 1, 0, NULL, 0, SYSDATE, SYSDATE, 'system', NULL);
INSERT INTO T_COST_COLUMN_METADATA (ID, TABLE_METADATA_ID, FIELD_NAME, COLUMN_NAME, QUERY_COLUMN, TARGET_COLUMN, HEADER_TEXT, DATA_TYPE, DISPLAY_ORDER, SORTABLE, FILTERABLE, IS_VIRTUAL, DICT_TYPE, DELETED, CREATE_TIME, UPDATE_TIME, CREATE_BY, UPDATE_BY) VALUES (1416, 131, 'goodsname', 'GOODSNAME', NULL, NULL, '产品名称', 'text', 2, 1, 1, 0, NULL, 0, SYSDATE, SYSDATE, 'system', NULL);
INSERT INTO T_COST_COLUMN_METADATA (ID, TABLE_METADATA_ID, FIELD_NAME, COLUMN_NAME, QUERY_COLUMN, TARGET_COLUMN, HEADER_TEXT, DATA_TYPE, DISPLAY_ORDER, SORTABLE, FILTERABLE, IS_VIRTUAL, DICT_TYPE, DELETED, CREATE_TIME, UPDATE_TIME, CREATE_BY, UPDATE_BY) VALUES (1417, 131, 'goodstype', 'GOODSTYPE', NULL, NULL, '规格', 'text', 3, 1, 1, 0, NULL, 0, SYSDATE, SYSDATE, 'system', NULL);
INSERT INTO T_COST_COLUMN_METADATA (ID, TABLE_METADATA_ID, FIELD_NAME, COLUMN_NAME, QUERY_COLUMN, TARGET_COLUMN, HEADER_TEXT, DATA_TYPE, DISPLAY_ORDER, SORTABLE, FILTERABLE, IS_VIRTUAL, DICT_TYPE, DELETED, CREATE_TIME, UPDATE_TIME, CREATE_BY, UPDATE_BY) VALUES (1418, 131, 'packtype', 'PACKTYPE', NULL, NULL, '包装规格', 'text', 4, 1, 1, 0, NULL, 0, SYSDATE, SYSDATE, 'system', NULL);
INSERT INTO T_COST_COLUMN_METADATA (ID, TABLE_METADATA_ID, FIELD_NAME, COLUMN_NAME, QUERY_COLUMN, TARGET_COLUMN, HEADER_TEXT, DATA_TYPE, DISPLAY_ORDER, SORTABLE, FILTERABLE, IS_VIRTUAL, DICT_TYPE, DELETED, CREATE_TIME, UPDATE_TIME, CREATE_BY, UPDATE_BY) VALUES (1419, 131, 'tranposid', 'TRANPOSID', NULL, NULL, '分销商ID', 'number', 5, 1, 1, 0, NULL, 0, SYSDATE, SYSDATE, 'system', NULL);
INSERT INTO T_COST_COLUMN_METADATA (ID, TABLE_METADATA_ID, FIELD_NAME, COLUMN_NAME, QUERY_COLUMN, TARGET_COLUMN, HEADER_TEXT, DATA_TYPE, DISPLAY_ORDER, SORTABLE, FILTERABLE, IS_VIRTUAL, DICT_TYPE, DELETED, CREATE_TIME, UPDATE_TIME, CREATE_BY, UPDATE_BY) VALUES (1420, 131, 'tranposname', 'TRANPOSNAME', NULL, NULL, '分销商', 'text', 6, 1, 1, 1, NULL, 0, SYSDATE, SYSDATE, 'system', NULL);
INSERT INTO T_COST_COLUMN_METADATA (ID, TABLE_METADATA_ID, FIELD_NAME, COLUMN_NAME, QUERY_COLUMN, TARGET_COLUMN, HEADER_TEXT, DATA_TYPE, DISPLAY_ORDER, SORTABLE, FILTERABLE, IS_VIRTUAL, DICT_TYPE, DELETED, CREATE_TIME, UPDATE_TIME, CREATE_BY, UPDATE_BY) VALUES (1421, 131, 'zxCustomerid', 'ZX_CUSTOMERID', NULL, NULL, '客户ID', 'number', 7, 1, 1, 0, NULL, 0, SYSDATE, SYSDATE, 'system', NULL);
INSERT INTO T_COST_COLUMN_METADATA (ID, TABLE_METADATA_ID, FIELD_NAME, COLUMN_NAME, QUERY_COLUMN, TARGET_COLUMN, HEADER_TEXT, DATA_TYPE, DISPLAY_ORDER, SORTABLE, FILTERABLE, IS_VIRTUAL, DICT_TYPE, DELETED, CREATE_TIME, UPDATE_TIME, CREATE_BY, UPDATE_BY) VALUES (1422, 131, 'customname', 'CUSTOMNAME', NULL, NULL, '客户名称', 'text', 8, 1, 1, 1, NULL, 0, SYSDATE, SYSDATE, 'system', NULL);
INSERT INTO T_COST_COLUMN_METADATA (ID, TABLE_METADATA_ID, FIELD_NAME, COLUMN_NAME, QUERY_COLUMN, TARGET_COLUMN, HEADER_TEXT, DATA_TYPE, DISPLAY_ORDER, SORTABLE, FILTERABLE, IS_VIRTUAL, DICT_TYPE, DELETED, CREATE_TIME, UPDATE_TIME, CREATE_BY, UPDATE_BY) VALUES (1423, 131, 'zone', 'ZONE', NULL, NULL, '国家', 'text', 9, 1, 1, 1, NULL, 0, SYSDATE, SYSDATE, 'system', NULL);
INSERT INTO T_COST_COLUMN_METADATA (ID, TABLE_METADATA_ID, FIELD_NAME, COLUMN_NAME, QUERY_COLUMN, TARGET_COLUMN, HEADER_TEXT, DATA_TYPE, DISPLAY_ORDER, SORTABLE, FILTERABLE, IS_VIRTUAL, DICT_TYPE, DELETED, CREATE_TIME, UPDATE_TIME, CREATE_BY, UPDATE_BY) VALUES (1424, 131, 'iserp', 'ISERP', NULL, NULL, '是否ERP', 'number', 98, 1, 1, 1, NULL, 0, SYSDATE, SYSDATE, 'system', NULL);
INSERT INTO T_COST_COLUMN_METADATA (ID, TABLE_METADATA_ID, FIELD_NAME, COLUMN_NAME, QUERY_COLUMN, TARGET_COLUMN, HEADER_TEXT, DATA_TYPE, DISPLAY_ORDER, SORTABLE, FILTERABLE, IS_VIRTUAL, DICT_TYPE, DELETED, CREATE_TIME, UPDATE_TIME, CREATE_BY, UPDATE_BY) VALUES (1425, 131, 'createBy', 'CREATE_BY', NULL, NULL, '创建人', 'text', 99, 1, 1, 0, NULL, 0, SYSDATE, SYSDATE, 'system', NULL);

-- 列元数据 - 产品选择(Lookup用)
INSERT INTO T_COST_COLUMN_METADATA (ID, TABLE_METADATA_ID, FIELD_NAME, COLUMN_NAME, QUERY_COLUMN, TARGET_COLUMN, HEADER_TEXT, DATA_TYPE, DISPLAY_ORDER, SORTABLE, FILTERABLE, IS_VIRTUAL, DICT_TYPE, DELETED, CREATE_TIME, UPDATE_TIME, CREATE_BY, UPDATE_BY) VALUES (1365, 124, 'goodsid', 'GOODSID', NULL, NULL, '产品ID', 'number', 0, 1, 1, 0, NULL, 0, SYSDATE, SYSDATE, 'system', NULL);
INSERT INTO T_COST_COLUMN_METADATA (ID, TABLE_METADATA_ID, FIELD_NAME, COLUMN_NAME, QUERY_COLUMN, TARGET_COLUMN, HEADER_TEXT, DATA_TYPE, DISPLAY_ORDER, SORTABLE, FILTERABLE, IS_VIRTUAL, DICT_TYPE, DELETED, CREATE_TIME, UPDATE_TIME, CREATE_BY, UPDATE_BY) VALUES (1366, 124, 'goodsname', 'GOODSNAME', NULL, NULL, '产品名称', 'text', 1, 1, 1, 0, NULL, 0, SYSDATE, SYSDATE, 'system', NULL);
INSERT INTO T_COST_COLUMN_METADATA (ID, TABLE_METADATA_ID, FIELD_NAME, COLUMN_NAME, QUERY_COLUMN, TARGET_COLUMN, HEADER_TEXT, DATA_TYPE, DISPLAY_ORDER, SORTABLE, FILTERABLE, IS_VIRTUAL, DICT_TYPE, DELETED, CREATE_TIME, UPDATE_TIME, CREATE_BY, UPDATE_BY) VALUES (1367, 124, 'maNo', 'MA_NO', NULL, NULL, '批准文号', 'text', 2, 1, 1, 0, NULL, 0, SYSDATE, SYSDATE, 'system', NULL);
INSERT INTO T_COST_COLUMN_METADATA (ID, TABLE_METADATA_ID, FIELD_NAME, COLUMN_NAME, QUERY_COLUMN, TARGET_COLUMN, HEADER_TEXT, DATA_TYPE, DISPLAY_ORDER, SORTABLE, FILTERABLE, IS_VIRTUAL, DICT_TYPE, DELETED, CREATE_TIME, UPDATE_TIME, CREATE_BY, UPDATE_BY) VALUES (1368, 124, 'apexPl', 'APEX_PL', NULL, NULL, '批量', 'number', 3, 1, 1, 0, NULL, 0, SYSDATE, SYSDATE, 'system', NULL);
INSERT INTO T_COST_COLUMN_METADATA (ID, TABLE_METADATA_ID, FIELD_NAME, COLUMN_NAME, QUERY_COLUMN, TARGET_COLUMN, HEADER_TEXT, DATA_TYPE, DISPLAY_ORDER, SORTABLE, FILTERABLE, IS_VIRTUAL, DICT_TYPE, DELETED, CREATE_TIME, UPDATE_TIME, CREATE_BY, UPDATE_BY) VALUES (1369, 124, 'mah', 'MAH', NULL, NULL, '持证商', 'text', 4, 1, 1, 0, NULL, 0, SYSDATE, SYSDATE, 'system', NULL);
INSERT INTO T_COST_COLUMN_METADATA (ID, TABLE_METADATA_ID, FIELD_NAME, COLUMN_NAME, QUERY_COLUMN, TARGET_COLUMN, HEADER_TEXT, DATA_TYPE, DISPLAY_ORDER, SORTABLE, FILTERABLE, IS_VIRTUAL, DICT_TYPE, DELETED, CREATE_TIME, UPDATE_TIME, CREATE_BY, UPDATE_BY) VALUES (1370, 124, 'pPerpack', 'P_PERPACK', NULL, NULL, '每盒片数', 'number', 5, 1, 1, 0, NULL, 0, SYSDATE, SYSDATE, 'system', NULL);
INSERT INTO T_COST_COLUMN_METADATA (ID, TABLE_METADATA_ID, FIELD_NAME, COLUMN_NAME, QUERY_COLUMN, TARGET_COLUMN, HEADER_TEXT, DATA_TYPE, DISPLAY_ORDER, SORTABLE, FILTERABLE, IS_VIRTUAL, DICT_TYPE, DELETED, CREATE_TIME, UPDATE_TIME, CREATE_BY, UPDATE_BY) VALUES (1371, 124, 'sPerback', 'S_PERBACK', NULL, NULL, '每箱装盒数', 'number', 6, 1, 1, 0, NULL, 0, SYSDATE, SYSDATE, 'system', NULL);
INSERT INTO T_COST_COLUMN_METADATA (ID, TABLE_METADATA_ID, FIELD_NAME, COLUMN_NAME, QUERY_COLUMN, TARGET_COLUMN, HEADER_TEXT, DATA_TYPE, DISPLAY_ORDER, SORTABLE, FILTERABLE, IS_VIRTUAL, DICT_TYPE, DELETED, CREATE_TIME, UPDATE_TIME, CREATE_BY, UPDATE_BY) VALUES (1372, 124, 'customid', 'CUSTOMID', NULL, NULL, '客户ID', 'number', 7, 1, 1, 0, NULL, 0, SYSDATE, SYSDATE, 'system', NULL);
INSERT INTO T_COST_COLUMN_METADATA (ID, TABLE_METADATA_ID, FIELD_NAME, COLUMN_NAME, QUERY_COLUMN, TARGET_COLUMN, HEADER_TEXT, DATA_TYPE, DISPLAY_ORDER, SORTABLE, FILTERABLE, IS_VIRTUAL, DICT_TYPE, DELETED, CREATE_TIME, UPDATE_TIME, CREATE_BY, UPDATE_BY) VALUES (1373, 124, 'customname', 'CUSTOMNAME', NULL, NULL, '客户名称', 'text', 8, 1, 1, 0, NULL, 0, SYSDATE, SYSDATE, 'system', NULL);
INSERT INTO T_COST_COLUMN_METADATA (ID, TABLE_METADATA_ID, FIELD_NAME, COLUMN_NAME, QUERY_COLUMN, TARGET_COLUMN, HEADER_TEXT, DATA_TYPE, DISPLAY_ORDER, SORTABLE, FILTERABLE, IS_VIRTUAL, DICT_TYPE, DELETED, CREATE_TIME, UPDATE_TIME, CREATE_BY, UPDATE_BY) VALUES (1374, 124, 'memo', 'MEMO', NULL, NULL, 'BOM状态', 'text', 9, 1, 1, 0, NULL, 0, SYSDATE, SYSDATE, 'system', NULL);
INSERT INTO T_COST_COLUMN_METADATA (ID, TABLE_METADATA_ID, FIELD_NAME, COLUMN_NAME, QUERY_COLUMN, TARGET_COLUMN, HEADER_TEXT, DATA_TYPE, DISPLAY_ORDER, SORTABLE, FILTERABLE, IS_VIRTUAL, DICT_TYPE, DELETED, CREATE_TIME, UPDATE_TIME, CREATE_BY, UPDATE_BY) VALUES (1375, 124, 'strength', 'STRENGTH', NULL, NULL, '剂量', 'text', 10, 1, 1, 0, NULL, 0, SYSDATE, SYSDATE, 'system', NULL);
INSERT INTO T_COST_COLUMN_METADATA (ID, TABLE_METADATA_ID, FIELD_NAME, COLUMN_NAME, QUERY_COLUMN, TARGET_COLUMN, HEADER_TEXT, DATA_TYPE, DISPLAY_ORDER, SORTABLE, FILTERABLE, IS_VIRTUAL, DICT_TYPE, DELETED, CREATE_TIME, UPDATE_TIME, CREATE_BY, UPDATE_BY) VALUES (1376, 124, 'livery', 'LIVERY', NULL, NULL, '分销商', 'text', 11, 1, 1, 0, NULL, 0, SYSDATE, SYSDATE, 'system', NULL);

-- 列元数据 - 产品选择(按物料)
INSERT INTO T_COST_COLUMN_METADATA (ID, TABLE_METADATA_ID, FIELD_NAME, COLUMN_NAME, QUERY_COLUMN, TARGET_COLUMN, HEADER_TEXT, DATA_TYPE, DISPLAY_ORDER, SORTABLE, FILTERABLE, IS_VIRTUAL, DICT_TYPE, DELETED, CREATE_TIME, UPDATE_TIME, CREATE_BY, UPDATE_BY) VALUES (1393, 129, 'pGoodsid', 'P_GOODSID', NULL, NULL, '产品ID', 'number', 0, 1, 1, 0, NULL, 0, SYSDATE, SYSDATE, 'system', NULL);
INSERT INTO T_COST_COLUMN_METADATA (ID, TABLE_METADATA_ID, FIELD_NAME, COLUMN_NAME, QUERY_COLUMN, TARGET_COLUMN, HEADER_TEXT, DATA_TYPE, DISPLAY_ORDER, SORTABLE, FILTERABLE, IS_VIRTUAL, DICT_TYPE, DELETED, CREATE_TIME, UPDATE_TIME, CREATE_BY, UPDATE_BY) VALUES (1394, 129, 'goodsname', 'GOODSNAME', NULL, NULL, '产品名称', 'text', 1, 1, 1, 0, NULL, 0, SYSDATE, SYSDATE, 'system', NULL);
INSERT INTO T_COST_COLUMN_METADATA (ID, TABLE_METADATA_ID, FIELD_NAME, COLUMN_NAME, QUERY_COLUMN, TARGET_COLUMN, HEADER_TEXT, DATA_TYPE, DISPLAY_ORDER, SORTABLE, FILTERABLE, IS_VIRTUAL, DICT_TYPE, DELETED, CREATE_TIME, UPDATE_TIME, CREATE_BY, UPDATE_BY) VALUES (1395, 129, 'goodstype', 'GOODSTYPE', NULL, NULL, '规格', 'text', 2, 1, 1, 0, NULL, 0, SYSDATE, SYSDATE, 'system', NULL);
INSERT INTO T_COST_COLUMN_METADATA (ID, TABLE_METADATA_ID, FIELD_NAME, COLUMN_NAME, QUERY_COLUMN, TARGET_COLUMN, HEADER_TEXT, DATA_TYPE, DISPLAY_ORDER, SORTABLE, FILTERABLE, IS_VIRTUAL, DICT_TYPE, DELETED, CREATE_TIME, UPDATE_TIME, CREATE_BY, UPDATE_BY) VALUES (1396, 129, 'packtype', 'PACKTYPE', NULL, NULL, '包装规格', 'text', 3, 1, 1, 0, NULL, 0, SYSDATE, SYSDATE, 'system', NULL);
INSERT INTO T_COST_COLUMN_METADATA (ID, TABLE_METADATA_ID, FIELD_NAME, COLUMN_NAME, QUERY_COLUMN, TARGET_COLUMN, HEADER_TEXT, DATA_TYPE, DISPLAY_ORDER, SORTABLE, FILTERABLE, IS_VIRTUAL, DICT_TYPE, DELETED, CREATE_TIME, UPDATE_TIME, CREATE_BY, UPDATE_BY) VALUES (1397, 129, 'tranposid', 'TRANPOSID', NULL, NULL, '分销商ID', 'number', 4, 1, 1, 0, NULL, 0, SYSDATE, SYSDATE, 'system', NULL);
INSERT INTO T_COST_COLUMN_METADATA (ID, TABLE_METADATA_ID, FIELD_NAME, COLUMN_NAME, QUERY_COLUMN, TARGET_COLUMN, HEADER_TEXT, DATA_TYPE, DISPLAY_ORDER, SORTABLE, FILTERABLE, IS_VIRTUAL, DICT_TYPE, DELETED, CREATE_TIME, UPDATE_TIME, CREATE_BY, UPDATE_BY) VALUES (1398, 129, 'tranposname', 'TRANPOSNAME', NULL, NULL, '分销商', 'text', 5, 1, 1, 0, NULL, 0, SYSDATE, SYSDATE, 'system', NULL);

-- 3. 页面组件
DELETE FROM T_COST_PAGE_COMPONENT WHERE PAGE_CODE = 'goods-manage';

INSERT INTO T_COST_PAGE_COMPONENT (ID, PAGE_CODE, COMPONENT_KEY, COMPONENT_TYPE, PARENT_KEY, COMPONENT_CONFIG, REF_TABLE_CODE, SLOT_NAME, SORT_ORDER, DELETED, DESCRIPTION, CREATE_TIME, UPDATE_TIME, CREATE_BY, UPDATE_BY) VALUES (123, 'goods-manage', 'root', 'LAYOUT', NULL, '{"direction":"vertical"}', NULL, NULL, 0, 0, NULL, SYSDATE, SYSDATE, 'system', NULL);
INSERT INTO T_COST_PAGE_COMPONENT (ID, PAGE_CODE, COMPONENT_KEY, COMPONENT_TYPE, PARENT_KEY, COMPONENT_CONFIG, REF_TABLE_CODE, SLOT_NAME, SORT_ORDER, DELETED, DESCRIPTION, CREATE_TIME, UPDATE_TIME, CREATE_BY, UPDATE_BY) VALUES (124, 'goods-manage', 'grid', 'GRID', 'root', '{"height":"100%","buttons":[{"action":"addRow","label":"新增"},{"action":"copyRow","label":"复制","requiresRow":true},{"action":"deleteRow","label":"删除","requiresRow":true},{"action":"saveGridConfig","label":"保存列配置"},{"label":"导出","items":[{"action":"exportSelected","label":"导出选中","requiresSelection":true},{"action":"exportCurrent","label":"导出当前页"},{"action":"exportAll","label":"导出全部"},{"action":"resetExportConfig","label":"重置导出配置"},{"action":"openHeaderConfig","label":"配置导出表头"}]},{"action":"save","label":"保存"},{"action":"clipboard.copy","label":"复制"},{"action":"clipboard.paste","label":"粘贴"}]}', 'CostGoods', NULL, 1, 0, NULL, SYSDATE, SYSDATE, 'system', NULL);

-- 4. 页面规则
DELETE FROM T_COST_PAGE_RULE WHERE PAGE_CODE = 'goods-manage';

INSERT INTO T_COST_PAGE_RULE (ID, PAGE_CODE, COMPONENT_KEY, RULE_TYPE, RULES, SORT_ORDER, DESCRIPTION, DELETED, CREATE_TIME, UPDATE_TIME, CREATE_BY, UPDATE_BY) VALUES (513, 'goods-manage', 'grid', 'COLUMN_OVERRIDE', '[{"field":"id","visible":true,"editable":false},{"field":"goodsno","width":null,"editable":false,"searchable":true},{"field":"goodsname","width":null,"editable":true,"searchable":true},{"field":"goodstype","width":null,"editable":true,"searchable":true},{"field":"packtype","width":null,"editable":true},{"field":"tranposid","width":null,"editable":true},{"field":"tranposname","width":null,"editable":false},{"field":"zxCustomerid","width":null,"editable":true},{"field":"customname","width":null,"editable":false},{"field":"zone","width":null,"editable":false},{"field":"iserp","visible":false},{"field":"createBy","visible":false}]', 0, NULL, 0, SYSDATE, SYSDATE, 'system', NULL);
INSERT INTO T_COST_PAGE_RULE (ID, PAGE_CODE, COMPONENT_KEY, RULE_TYPE, RULES, SORT_ORDER, DESCRIPTION, DELETED, CREATE_TIME, UPDATE_TIME, CREATE_BY, UPDATE_BY) VALUES (514, 'goods-manage', 'grid', 'LOOKUP', '[{"field":"zxCustomerid","lookupCode":"costCustomer","mapping":{"zxCustomerid":"customid","customname":"customname","zone":"country","tranposid":"tranposid","tranposname":"livery"}}]', 0, NULL, 0, SYSDATE, SYSDATE, 'system', NULL);
INSERT INTO T_COST_PAGE_RULE (ID, PAGE_CODE, COMPONENT_KEY, RULE_TYPE, RULES, SORT_ORDER, DESCRIPTION, DELETED, CREATE_TIME, UPDATE_TIME, CREATE_BY, UPDATE_BY) VALUES (516, 'goods-manage', 'grid', 'ROW_CLASS', '[{"field":"iserp","operator":"eq","value":1,"className":"row-confirmed"}]', 0, NULL, 0, SYSDATE, SYSDATE, 'system', NULL);
INSERT INTO T_COST_PAGE_RULE (ID, PAGE_CODE, COMPONENT_KEY, RULE_TYPE, RULES, SORT_ORDER, DESCRIPTION, DELETED, CREATE_TIME, UPDATE_TIME, CREATE_BY, UPDATE_BY) VALUES (517, 'goods-manage', 'grid', 'ROW_EDITABLE', '[{"field":"iserp","operator":"ne","value":1}]', 0, NULL, 0, SYSDATE, SYSDATE, 'system', NULL);

-- 5. Lookup配置
DELETE FROM T_COST_LOOKUP_CONFIG WHERE LOOKUP_CODE = 'costGoods';
INSERT INTO T_COST_LOOKUP_CONFIG (ID, LOOKUP_CODE, LOOKUP_NAME, DATA_SOURCE, DISPLAY_COLUMNS, VALUE_FIELD, LABEL_FIELD, DELETED, CREATE_TIME, UPDATE_TIME, CREATE_BY, UPDATE_BY) VALUES (77, 'costGoods', '产品选择', 'V_COST_GOODS_LOOKUP', '[{"field":"goodsid","header":"产品ID","width":80},{"field":"goodsname","header":"产品名称","width":200},{"field":"maNo","header":"批准文号","width":150},{"field":"apexPl","header":"批量","width":80},{"field":"mah","header":"持证商","width":150},{"field":"pPerpack","header":"每盒片数","width":100},{"field":"sPerback","header":"每箱装盒数","width":100},{"field":"customid","header":"客户ID","width":80},{"field":"customname","header":"客户名称","width":150},{"field":"memo","header":"BOM状态","width":120},{"field":"strength","header":"剂量","width":100},{"field":"livery","header":"分销商","width":150}]', 'goodsid', 'goodsname', 0, SYSDATE, SYSDATE, 'system', NULL);

COMMIT;
