-- =====================================================
-- 08_物料成本核算表初始化.sql
-- 成本管理系统 - 物料成本核算表功能初始化
-- 页面: cost-pinggu (主从表: 核算表+原辅料明细+包材明细)
-- =====================================================

-- 1. 表元数据
DELETE FROM T_COST_TABLE_METADATA WHERE TABLE_CODE IN ('CostPinggu', 'CostMaterial', 'CostPackage');

INSERT INTO T_COST_TABLE_METADATA (ID, TABLE_CODE, TABLE_NAME, QUERY_VIEW, TARGET_TABLE, SEQUENCE_NAME, PK_COLUMN, PARENT_TABLE_CODE, PARENT_FK_COLUMN, AUDIT_ENABLED, VALIDATION_RULES, ACTION_RULES, DESCRIPTION, DELETED, CREATE_TIME, UPDATE_TIME, CREATE_BY, UPDATE_BY) 
VALUES (121, 'CostPinggu', '物料成本核算表', 'T_COST_PINGGU', 'T_COST_PINGGU', 'SEQ_COST_PINGGU', 'DOCID', NULL, NULL, 0, NULL, NULL, NULL, 0, SYSDATE, SYSDATE, 'system', NULL);

INSERT INTO T_COST_TABLE_METADATA (ID, TABLE_CODE, TABLE_NAME, QUERY_VIEW, TARGET_TABLE, SEQUENCE_NAME, PK_COLUMN, PARENT_TABLE_CODE, PARENT_FK_COLUMN, AUDIT_ENABLED, VALIDATION_RULES, ACTION_RULES, DESCRIPTION, DELETED, CREATE_TIME, UPDATE_TIME, CREATE_BY, UPDATE_BY) 
VALUES (122, 'CostMaterial', '原辅料明细', 'V_COST_PINGGU_MATERIAL', 'T_COST_PINGGU_DTL', 'SEQ_COST_PINGGU_DTL', 'DTLID', 'CostPinggu', 'DOCID', 0, NULL, NULL, NULL, 0, SYSDATE, SYSDATE, 'system', NULL);

INSERT INTO T_COST_TABLE_METADATA (ID, TABLE_CODE, TABLE_NAME, QUERY_VIEW, TARGET_TABLE, SEQUENCE_NAME, PK_COLUMN, PARENT_TABLE_CODE, PARENT_FK_COLUMN, AUDIT_ENABLED, VALIDATION_RULES, ACTION_RULES, DESCRIPTION, DELETED, CREATE_TIME, UPDATE_TIME, CREATE_BY, UPDATE_BY) 
VALUES (123, 'CostPackage', '包材明细', 'V_COST_PINGGU_PACKAGE', 'T_COST_PINGGU_DTL', 'SEQ_COST_PINGGU_DTL', 'DTLID', 'CostPinggu', 'DOCID', 0, NULL, NULL, NULL, 0, SYSDATE, SYSDATE, 'system', NULL);

-- 2. 列元数据 - 物料成本核算表主表
DELETE FROM T_COST_COLUMN_METADATA WHERE TABLE_METADATA_ID IN (121, 122, 123);

INSERT INTO T_COST_COLUMN_METADATA (ID, TABLE_METADATA_ID, FIELD_NAME, COLUMN_NAME, QUERY_COLUMN, TARGET_COLUMN, HEADER_TEXT, DATA_TYPE, DISPLAY_ORDER, SORTABLE, FILTERABLE, IS_VIRTUAL, DICT_TYPE, DELETED, CREATE_TIME, UPDATE_TIME, CREATE_BY, UPDATE_BY) VALUES (1313, 121, 'id', 'DOCID', NULL, NULL, 'ID', 'number', 0, 1, 1, 0, NULL, 0, SYSDATE, SYSDATE, 'system', NULL);
INSERT INTO T_COST_COLUMN_METADATA (ID, TABLE_METADATA_ID, FIELD_NAME, COLUMN_NAME, QUERY_COLUMN, TARGET_COLUMN, HEADER_TEXT, DATA_TYPE, DISPLAY_ORDER, SORTABLE, FILTERABLE, IS_VIRTUAL, DICT_TYPE, DELETED, CREATE_TIME, UPDATE_TIME, CREATE_BY, UPDATE_BY) VALUES (1446, 121, 'goodsid', 'GOODSID', NULL, NULL, '产品ID', 'number', 1, 1, 1, 0, NULL, 0, SYSDATE, SYSDATE, 'system', NULL);
INSERT INTO T_COST_COLUMN_METADATA (ID, TABLE_METADATA_ID, FIELD_NAME, COLUMN_NAME, QUERY_COLUMN, TARGET_COLUMN, HEADER_TEXT, DATA_TYPE, DISPLAY_ORDER, SORTABLE, FILTERABLE, IS_VIRTUAL, DICT_TYPE, DELETED, CREATE_TIME, UPDATE_TIME, CREATE_BY, UPDATE_BY) VALUES (1314, 121, 'goodsname', 'GOODSNAME', NULL, NULL, '产品名称', 'text', 2, 1, 1, 0, NULL, 0, SYSDATE, SYSDATE, 'system', NULL);
INSERT INTO T_COST_COLUMN_METADATA (ID, TABLE_METADATA_ID, FIELD_NAME, COLUMN_NAME, QUERY_COLUMN, TARGET_COLUMN, HEADER_TEXT, DATA_TYPE, DISPLAY_ORDER, SORTABLE, FILTERABLE, IS_VIRTUAL, DICT_TYPE, DELETED, CREATE_TIME, UPDATE_TIME, CREATE_BY, UPDATE_BY) VALUES (1315, 121, 'goodsnameEn', 'GOODSNAME_EN', NULL, NULL, '产品英文名', 'text', 3, 1, 1, 0, NULL, 0, SYSDATE, SYSDATE, 'system', NULL);
INSERT INTO T_COST_COLUMN_METADATA (ID, TABLE_METADATA_ID, FIELD_NAME, COLUMN_NAME, QUERY_COLUMN, TARGET_COLUMN, HEADER_TEXT, DATA_TYPE, DISPLAY_ORDER, SORTABLE, FILTERABLE, IS_VIRTUAL, DICT_TYPE, DELETED, CREATE_TIME, UPDATE_TIME, CREATE_BY, UPDATE_BY) VALUES (1316, 121, 'strength', 'STRENGTH', NULL, NULL, '剂量', 'text', 4, 1, 1, 0, NULL, 0, SYSDATE, SYSDATE, 'system', NULL);
INSERT INTO T_COST_COLUMN_METADATA (ID, TABLE_METADATA_ID, FIELD_NAME, COLUMN_NAME, QUERY_COLUMN, TARGET_COLUMN, HEADER_TEXT, DATA_TYPE, DISPLAY_ORDER, SORTABLE, FILTERABLE, IS_VIRTUAL, DICT_TYPE, DELETED, CREATE_TIME, UPDATE_TIME, CREATE_BY, UPDATE_BY) VALUES (1450, 121, 'customid', 'CUSTOMID', NULL, NULL, '客户ID', 'number', 5, 1, 1, 0, NULL, 0, SYSDATE, SYSDATE, 'system', NULL);
INSERT INTO T_COST_COLUMN_METADATA (ID, TABLE_METADATA_ID, FIELD_NAME, COLUMN_NAME, QUERY_COLUMN, TARGET_COLUMN, HEADER_TEXT, DATA_TYPE, DISPLAY_ORDER, SORTABLE, FILTERABLE, IS_VIRTUAL, DICT_TYPE, DELETED, CREATE_TIME, UPDATE_TIME, CREATE_BY, UPDATE_BY) VALUES (1317, 121, 'customname', 'CUSTOMNAME', NULL, NULL, '客户名称', 'text', 6, 1, 1, 0, NULL, 0, SYSDATE, SYSDATE, 'system', NULL);
INSERT INTO T_COST_COLUMN_METADATA (ID, TABLE_METADATA_ID, FIELD_NAME, COLUMN_NAME, QUERY_COLUMN, TARGET_COLUMN, HEADER_TEXT, DATA_TYPE, DISPLAY_ORDER, SORTABLE, FILTERABLE, IS_VIRTUAL, DICT_TYPE, DELETED, CREATE_TIME, UPDATE_TIME, CREATE_BY, UPDATE_BY) VALUES (1318, 121, 'country', 'COUNTRY', NULL, NULL, '国家', 'text', 7, 1, 1, 0, NULL, 0, SYSDATE, SYSDATE, 'system', NULL);
INSERT INTO T_COST_COLUMN_METADATA (ID, TABLE_METADATA_ID, FIELD_NAME, COLUMN_NAME, QUERY_COLUMN, TARGET_COLUMN, HEADER_TEXT, DATA_TYPE, DISPLAY_ORDER, SORTABLE, FILTERABLE, IS_VIRTUAL, DICT_TYPE, DELETED, CREATE_TIME, UPDATE_TIME, CREATE_BY, UPDATE_BY) VALUES (1452, 121, 'tranposid', 'TRANPOSID', NULL, NULL, '分销商ID', 'number', 8, 1, 1, 0, NULL, 0, SYSDATE, SYSDATE, 'system', NULL);
INSERT INTO T_COST_COLUMN_METADATA (ID, TABLE_METADATA_ID, FIELD_NAME, COLUMN_NAME, QUERY_COLUMN, TARGET_COLUMN, HEADER_TEXT, DATA_TYPE, DISPLAY_ORDER, SORTABLE, FILTERABLE, IS_VIRTUAL, DICT_TYPE, DELETED, CREATE_TIME, UPDATE_TIME, CREATE_BY, UPDATE_BY) VALUES (1451, 121, 'livery', 'LIVERY', NULL, NULL, '分销商', 'text', 9, 1, 1, 0, NULL, 0, SYSDATE, SYSDATE, 'system', NULL);
INSERT INTO T_COST_COLUMN_METADATA (ID, TABLE_METADATA_ID, FIELD_NAME, COLUMN_NAME, QUERY_COLUMN, TARGET_COLUMN, HEADER_TEXT, DATA_TYPE, DISPLAY_ORDER, SORTABLE, FILTERABLE, IS_VIRTUAL, DICT_TYPE, DELETED, CREATE_TIME, UPDATE_TIME, CREATE_BY, UPDATE_BY) VALUES (1319, 121, 'projectno', 'PROJECTNO', NULL, NULL, '项目号', 'text', 10, 1, 1, 0, NULL, 0, SYSDATE, SYSDATE, 'system', NULL);
INSERT INTO T_COST_COLUMN_METADATA (ID, TABLE_METADATA_ID, FIELD_NAME, COLUMN_NAME, QUERY_COLUMN, TARGET_COLUMN, HEADER_TEXT, DATA_TYPE, DISPLAY_ORDER, SORTABLE, FILTERABLE, IS_VIRTUAL, DICT_TYPE, DELETED, CREATE_TIME, UPDATE_TIME, CREATE_BY, UPDATE_BY) VALUES (1320, 121, 'apexPl', 'APEX_PL', NULL, NULL, '批量', 'number', 11, 1, 1, 0, NULL, 0, SYSDATE, SYSDATE, 'system', NULL);
INSERT INTO T_COST_COLUMN_METADATA (ID, TABLE_METADATA_ID, FIELD_NAME, COLUMN_NAME, QUERY_COLUMN, TARGET_COLUMN, HEADER_TEXT, DATA_TYPE, DISPLAY_ORDER, SORTABLE, FILTERABLE, IS_VIRTUAL, DICT_TYPE, DELETED, CREATE_TIME, UPDATE_TIME, CREATE_BY, UPDATE_BY) VALUES (1321, 121, 'annualQty', 'ANNUAL_QTY', NULL, NULL, '年需求量', 'number', 12, 1, 1, 0, NULL, 0, SYSDATE, SYSDATE, 'system', NULL);
INSERT INTO T_COST_COLUMN_METADATA (ID, TABLE_METADATA_ID, FIELD_NAME, COLUMN_NAME, QUERY_COLUMN, TARGET_COLUMN, HEADER_TEXT, DATA_TYPE, DISPLAY_ORDER, SORTABLE, FILTERABLE, IS_VIRTUAL, DICT_TYPE, DELETED, CREATE_TIME, UPDATE_TIME, CREATE_BY, UPDATE_BY) VALUES (1322, 121, 'yield', 'YIELD', NULL, NULL, '收率(%)', 'number', 13, 1, 1, 0, NULL, 0, SYSDATE, SYSDATE, 'system', NULL);
INSERT INTO T_COST_COLUMN_METADATA (ID, TABLE_METADATA_ID, FIELD_NAME, COLUMN_NAME, QUERY_COLUMN, TARGET_COLUMN, HEADER_TEXT, DATA_TYPE, DISPLAY_ORDER, SORTABLE, FILTERABLE, IS_VIRTUAL, DICT_TYPE, DELETED, CREATE_TIME, UPDATE_TIME, CREATE_BY, UPDATE_BY) VALUES (1323, 121, 'pPerpack', 'P_PERPACK', NULL, NULL, '每盒片数', 'number', 14, 1, 1, 0, NULL, 0, SYSDATE, SYSDATE, 'system', NULL);
INSERT INTO T_COST_COLUMN_METADATA (ID, TABLE_METADATA_ID, FIELD_NAME, COLUMN_NAME, QUERY_COLUMN, TARGET_COLUMN, HEADER_TEXT, DATA_TYPE, DISPLAY_ORDER, SORTABLE, FILTERABLE, IS_VIRTUAL, DICT_TYPE, DELETED, CREATE_TIME, UPDATE_TIME, CREATE_BY, UPDATE_BY) VALUES (1324, 121, 'sPerback', 'S_PERBACK', NULL, NULL, '每箱装盒数', 'number', 15, 1, 1, 0, NULL, 0, SYSDATE, SYSDATE, 'system', NULL);
INSERT INTO T_COST_COLUMN_METADATA (ID, TABLE_METADATA_ID, FIELD_NAME, COLUMN_NAME, QUERY_COLUMN, TARGET_COLUMN, HEADER_TEXT, DATA_TYPE, DISPLAY_ORDER, SORTABLE, FILTERABLE, IS_VIRTUAL, DICT_TYPE, DELETED, CREATE_TIME, UPDATE_TIME, CREATE_BY, UPDATE_BY) VALUES (1325, 121, 'xPerback', 'X_PERBACK', NULL, NULL, '每托盘箱数', 'number', 16, 1, 1, 0, NULL, 0, SYSDATE, SYSDATE, 'system', NULL);
INSERT INTO T_COST_COLUMN_METADATA (ID, TABLE_METADATA_ID, FIELD_NAME, COLUMN_NAME, QUERY_COLUMN, TARGET_COLUMN, HEADER_TEXT, DATA_TYPE, DISPLAY_ORDER, SORTABLE, FILTERABLE, IS_VIRTUAL, DICT_TYPE, DELETED, CREATE_TIME, UPDATE_TIME, CREATE_BY, UPDATE_BY) VALUES (1326, 121, 'packtype', 'PACKTYPE', NULL, NULL, '包装形式', 'text', 17, 1, 1, 0, NULL, 0, SYSDATE, SYSDATE, 'system', NULL);
INSERT INTO T_COST_COLUMN_METADATA (ID, TABLE_METADATA_ID, FIELD_NAME, COLUMN_NAME, QUERY_COLUMN, TARGET_COLUMN, HEADER_TEXT, DATA_TYPE, DISPLAY_ORDER, SORTABLE, FILTERABLE, IS_VIRTUAL, DICT_TYPE, DELETED, CREATE_TIME, UPDATE_TIME, CREATE_BY, UPDATE_BY) VALUES (1327, 121, 'totalYl', 'TOTAL_YL', NULL, NULL, '原料合计', 'number', 20, 1, 1, 0, NULL, 0, SYSDATE, SYSDATE, 'system', NULL);
INSERT INTO T_COST_COLUMN_METADATA (ID, TABLE_METADATA_ID, FIELD_NAME, COLUMN_NAME, QUERY_COLUMN, TARGET_COLUMN, HEADER_TEXT, DATA_TYPE, DISPLAY_ORDER, SORTABLE, FILTERABLE, IS_VIRTUAL, DICT_TYPE, DELETED, CREATE_TIME, UPDATE_TIME, CREATE_BY, UPDATE_BY) VALUES (1328, 121, 'totalFl', 'TOTAL_FL', NULL, NULL, '辅料合计', 'number', 21, 1, 1, 0, NULL, 0, SYSDATE, SYSDATE, 'system', NULL);
INSERT INTO T_COST_COLUMN_METADATA (ID, TABLE_METADATA_ID, FIELD_NAME, COLUMN_NAME, QUERY_COLUMN, TARGET_COLUMN, HEADER_TEXT, DATA_TYPE, DISPLAY_ORDER, SORTABLE, FILTERABLE, IS_VIRTUAL, DICT_TYPE, DELETED, CREATE_TIME, UPDATE_TIME, CREATE_BY, UPDATE_BY) VALUES (1329, 121, 'totalBc', 'TOTAL_BC', NULL, NULL, '包材合计', 'number', 22, 1, 1, 0, NULL, 0, SYSDATE, SYSDATE, 'system', NULL);
INSERT INTO T_COST_COLUMN_METADATA (ID, TABLE_METADATA_ID, FIELD_NAME, COLUMN_NAME, QUERY_COLUMN, TARGET_COLUMN, HEADER_TEXT, DATA_TYPE, DISPLAY_ORDER, SORTABLE, FILTERABLE, IS_VIRTUAL, DICT_TYPE, DELETED, CREATE_TIME, UPDATE_TIME, CREATE_BY, UPDATE_BY) VALUES (1330, 121, 'totalCost', 'TOTAL_COST', NULL, NULL, '总物料成本', 'number', 23, 1, 1, 0, NULL, 0, SYSDATE, SYSDATE, 'system', NULL);
INSERT INTO T_COST_COLUMN_METADATA (ID, TABLE_METADATA_ID, FIELD_NAME, COLUMN_NAME, QUERY_COLUMN, TARGET_COLUMN, HEADER_TEXT, DATA_TYPE, DISPLAY_ORDER, SORTABLE, FILTERABLE, IS_VIRTUAL, DICT_TYPE, DELETED, CREATE_TIME, UPDATE_TIME, CREATE_BY, UPDATE_BY) VALUES (1331, 121, 'outPriceRmb', 'OUT_PRICE_RMB', NULL, NULL, '出厂价(RMB)', 'number', 24, 1, 1, 0, NULL, 0, SYSDATE, SYSDATE, 'system', NULL);
INSERT INTO T_COST_COLUMN_METADATA (ID, TABLE_METADATA_ID, FIELD_NAME, COLUMN_NAME, QUERY_COLUMN, TARGET_COLUMN, HEADER_TEXT, DATA_TYPE, DISPLAY_ORDER, SORTABLE, FILTERABLE, IS_VIRTUAL, DICT_TYPE, DELETED, CREATE_TIME, UPDATE_TIME, CREATE_BY, UPDATE_BY) VALUES (1332, 121, 'salemoney', 'SALEMONEY', NULL, NULL, '每批销售额', 'number', 25, 1, 1, 0, NULL, 0, SYSDATE, SYSDATE, 'system', NULL);
INSERT INTO T_COST_COLUMN_METADATA (ID, TABLE_METADATA_ID, FIELD_NAME, COLUMN_NAME, QUERY_COLUMN, TARGET_COLUMN, HEADER_TEXT, DATA_TYPE, DISPLAY_ORDER, SORTABLE, FILTERABLE, IS_VIRTUAL, DICT_TYPE, DELETED, CREATE_TIME, UPDATE_TIME, CREATE_BY, UPDATE_BY) VALUES (1333, 121, 'jgfBatch', 'JGF_BATCH', NULL, NULL, '每批加工费', 'number', 26, 1, 1, 0, NULL, 0, SYSDATE, SYSDATE, 'system', NULL);
INSERT INTO T_COST_COLUMN_METADATA (ID, TABLE_METADATA_ID, FIELD_NAME, COLUMN_NAME, QUERY_COLUMN, TARGET_COLUMN, HEADER_TEXT, DATA_TYPE, DISPLAY_ORDER, SORTABLE, FILTERABLE, IS_VIRTUAL, DICT_TYPE, DELETED, CREATE_TIME, UPDATE_TIME, CREATE_BY, UPDATE_BY) VALUES (1334, 121, 'costPerqp', 'COST_PERQP', NULL, NULL, '千片成本', 'number', 27, 1, 1, 0, NULL, 0, SYSDATE, SYSDATE, 'system', NULL);
INSERT INTO T_COST_COLUMN_METADATA (ID, TABLE_METADATA_ID, FIELD_NAME, COLUMN_NAME, QUERY_COLUMN, TARGET_COLUMN, HEADER_TEXT, DATA_TYPE, DISPLAY_ORDER, SORTABLE, FILTERABLE, IS_VIRTUAL, DICT_TYPE, DELETED, CREATE_TIME, UPDATE_TIME, CREATE_BY, UPDATE_BY) VALUES (1443, 121, 'costPerbox', 'COST_PERBOX', NULL, NULL, '每盒成本', 'number', 28, 1, 1, 0, NULL, 0, SYSDATE, SYSDATE, 'system', NULL);
INSERT INTO T_COST_COLUMN_METADATA (ID, TABLE_METADATA_ID, FIELD_NAME, COLUMN_NAME, QUERY_COLUMN, TARGET_COLUMN, HEADER_TEXT, DATA_TYPE, DISPLAY_ORDER, SORTABLE, FILTERABLE, IS_VIRTUAL, DICT_TYPE, DELETED, CREATE_TIME, UPDATE_TIME, CREATE_BY, UPDATE_BY) VALUES (1335, 121, 'jgfPerqp', 'JGF_PERQP', NULL, NULL, '千片加工费', 'number', 29, 1, 1, 0, NULL, 0, SYSDATE, SYSDATE, 'system', NULL);
INSERT INTO T_COST_COLUMN_METADATA (ID, TABLE_METADATA_ID, FIELD_NAME, COLUMN_NAME, QUERY_COLUMN, TARGET_COLUMN, HEADER_TEXT, DATA_TYPE, DISPLAY_ORDER, SORTABLE, FILTERABLE, IS_VIRTUAL, DICT_TYPE, DELETED, CREATE_TIME, UPDATE_TIME, CREATE_BY, UPDATE_BY) VALUES (1336, 121, 'mlPerqp', 'ML_PERQP', NULL, NULL, '千片毛利', 'number', 30, 1, 1, 0, NULL, 0, SYSDATE, SYSDATE, 'system', NULL);
INSERT INTO T_COST_COLUMN_METADATA (ID, TABLE_METADATA_ID, FIELD_NAME, COLUMN_NAME, QUERY_COLUMN, TARGET_COLUMN, HEADER_TEXT, DATA_TYPE, DISPLAY_ORDER, SORTABLE, FILTERABLE, IS_VIRTUAL, DICT_TYPE, DELETED, CREATE_TIME, UPDATE_TIME, CREATE_BY, UPDATE_BY) VALUES (1337, 121, 'yJgRe', 'Y_JG_RE', NULL, NULL, '年加工费', 'number', 31, 1, 1, 0, NULL, 0, SYSDATE, SYSDATE, 'system', NULL);
INSERT INTO T_COST_COLUMN_METADATA (ID, TABLE_METADATA_ID, FIELD_NAME, COLUMN_NAME, QUERY_COLUMN, TARGET_COLUMN, HEADER_TEXT, DATA_TYPE, DISPLAY_ORDER, SORTABLE, FILTERABLE, IS_VIRTUAL, DICT_TYPE, DELETED, CREATE_TIME, UPDATE_TIME, CREATE_BY, UPDATE_BY) VALUES (1338, 121, 'yMl', 'Y_ML', NULL, NULL, '年毛利', 'number', 32, 1, 1, 0, NULL, 0, SYSDATE, SYSDATE, 'system', NULL);
INSERT INTO T_COST_COLUMN_METADATA (ID, TABLE_METADATA_ID, FIELD_NAME, COLUMN_NAME, QUERY_COLUMN, TARGET_COLUMN, HEADER_TEXT, DATA_TYPE, DISPLAY_ORDER, SORTABLE, FILTERABLE, IS_VIRTUAL, DICT_TYPE, DELETED, CREATE_TIME, UPDATE_TIME, CREATE_BY, UPDATE_BY) VALUES (1339, 121, 'ySale', 'Y_SALE', NULL, NULL, '年销售额', 'number', 33, 1, 1, 0, NULL, 0, SYSDATE, SYSDATE, 'system', NULL);
INSERT INTO T_COST_COLUMN_METADATA (ID, TABLE_METADATA_ID, FIELD_NAME, COLUMN_NAME, QUERY_COLUMN, TARGET_COLUMN, HEADER_TEXT, DATA_TYPE, DISPLAY_ORDER, SORTABLE, FILTERABLE, IS_VIRTUAL, DICT_TYPE, DELETED, CREATE_TIME, UPDATE_TIME, CREATE_BY, UPDATE_BY) VALUES (1340, 121, 'fmname', 'FMNAME', NULL, NULL, '币种', 'text', 34, 1, 1, 0, NULL, 0, SYSDATE, SYSDATE, 'system', NULL);
INSERT INTO T_COST_COLUMN_METADATA (ID, TABLE_METADATA_ID, FIELD_NAME, COLUMN_NAME, QUERY_COLUMN, TARGET_COLUMN, HEADER_TEXT, DATA_TYPE, DISPLAY_ORDER, SORTABLE, FILTERABLE, IS_VIRTUAL, DICT_TYPE, DELETED, CREATE_TIME, UPDATE_TIME, CREATE_BY, UPDATE_BY) VALUES (1341, 121, 'fmrate', 'FMRATE', NULL, NULL, '汇率', 'number', 35, 1, 1, 0, NULL, 0, SYSDATE, SYSDATE, 'system', NULL);
INSERT INTO T_COST_COLUMN_METADATA (ID, TABLE_METADATA_ID, FIELD_NAME, COLUMN_NAME, QUERY_COLUMN, TARGET_COLUMN, HEADER_TEXT, DATA_TYPE, DISPLAY_ORDER, SORTABLE, FILTERABLE, IS_VIRTUAL, DICT_TYPE, DELETED, CREATE_TIME, UPDATE_TIME, CREATE_BY, UPDATE_BY) VALUES (1449, 121, 'memo', 'MEMO', NULL, NULL, '备注', 'text', 36, 1, 1, 0, NULL, 0, SYSDATE, SYSDATE, 'system', NULL);

-- 列元数据 - 原辅料明细
INSERT INTO T_COST_COLUMN_METADATA (ID, TABLE_METADATA_ID, FIELD_NAME, COLUMN_NAME, QUERY_COLUMN, TARGET_COLUMN, HEADER_TEXT, DATA_TYPE, DISPLAY_ORDER, SORTABLE, FILTERABLE, IS_VIRTUAL, DICT_TYPE, DELETED, CREATE_TIME, UPDATE_TIME, CREATE_BY, UPDATE_BY) VALUES (1342, 122, 'id', 'ID', NULL, 'DTLID', 'ID', 'number', 0, 1, 1, 0, NULL, 0, SYSDATE, SYSDATE, 'system', NULL);
INSERT INTO T_COST_COLUMN_METADATA (ID, TABLE_METADATA_ID, FIELD_NAME, COLUMN_NAME, QUERY_COLUMN, TARGET_COLUMN, HEADER_TEXT, DATA_TYPE, DISPLAY_ORDER, SORTABLE, FILTERABLE, IS_VIRTUAL, DICT_TYPE, DELETED, CREATE_TIME, UPDATE_TIME, CREATE_BY, UPDATE_BY) VALUES (1343, 122, 'masterId', 'MASTER_ID', 'MASTER_ID', 'DOCID', '主表ID', 'number', 1, 1, 1, 0, NULL, 0, SYSDATE, SYSDATE, 'system', NULL);
INSERT INTO T_COST_COLUMN_METADATA (ID, TABLE_METADATA_ID, FIELD_NAME, COLUMN_NAME, QUERY_COLUMN, TARGET_COLUMN, HEADER_TEXT, DATA_TYPE, DISPLAY_ORDER, SORTABLE, FILTERABLE, IS_VIRTUAL, DICT_TYPE, DELETED, CREATE_TIME, UPDATE_TIME, CREATE_BY, UPDATE_BY) VALUES (1447, 122, 'apexGoodsid', 'APEX_GOODSID', NULL, NULL, '物料ID', 'number', 2, 1, 1, 0, NULL, 0, SYSDATE, SYSDATE, 'system', NULL);
INSERT INTO T_COST_COLUMN_METADATA (ID, TABLE_METADATA_ID, FIELD_NAME, COLUMN_NAME, QUERY_COLUMN, TARGET_COLUMN, HEADER_TEXT, DATA_TYPE, DISPLAY_ORDER, SORTABLE, FILTERABLE, IS_VIRTUAL, DICT_TYPE, DELETED, CREATE_TIME, UPDATE_TIME, CREATE_BY, UPDATE_BY) VALUES (1344, 122, 'dtlUseflag', 'DTL_USEFLAG', NULL, NULL, '分类', 'text', 3, 1, 1, 0, NULL, 0, SYSDATE, SYSDATE, 'system', NULL);
INSERT INTO T_COST_COLUMN_METADATA (ID, TABLE_METADATA_ID, FIELD_NAME, COLUMN_NAME, QUERY_COLUMN, TARGET_COLUMN, HEADER_TEXT, DATA_TYPE, DISPLAY_ORDER, SORTABLE, FILTERABLE, IS_VIRTUAL, DICT_TYPE, DELETED, CREATE_TIME, UPDATE_TIME, CREATE_BY, UPDATE_BY) VALUES (1345, 122, 'apexGoodsname', 'APEX_GOODSNAME', NULL, NULL, '物料名称', 'text', 4, 1, 1, 0, NULL, 0, SYSDATE, SYSDATE, 'system', NULL);
INSERT INTO T_COST_COLUMN_METADATA (ID, TABLE_METADATA_ID, FIELD_NAME, COLUMN_NAME, QUERY_COLUMN, TARGET_COLUMN, HEADER_TEXT, DATA_TYPE, DISPLAY_ORDER, SORTABLE, FILTERABLE, IS_VIRTUAL, DICT_TYPE, DELETED, CREATE_TIME, UPDATE_TIME, CREATE_BY, UPDATE_BY) VALUES (1346, 122, 'spec', 'SPEC', NULL, NULL, '规格', 'text', 5, 1, 1, 0, NULL, 0, SYSDATE, SYSDATE, 'system', NULL);
INSERT INTO T_COST_COLUMN_METADATA (ID, TABLE_METADATA_ID, FIELD_NAME, COLUMN_NAME, QUERY_COLUMN, TARGET_COLUMN, HEADER_TEXT, DATA_TYPE, DISPLAY_ORDER, SORTABLE, FILTERABLE, IS_VIRTUAL, DICT_TYPE, DELETED, CREATE_TIME, UPDATE_TIME, CREATE_BY, UPDATE_BY) VALUES (1347, 122, 'perHl', 'PER_HL', NULL, NULL, '每片含量', 'number', 6, 1, 1, 0, NULL, 0, SYSDATE, SYSDATE, 'system', NULL);
INSERT INTO T_COST_COLUMN_METADATA (ID, TABLE_METADATA_ID, FIELD_NAME, COLUMN_NAME, QUERY_COLUMN, TARGET_COLUMN, HEADER_TEXT, DATA_TYPE, DISPLAY_ORDER, SORTABLE, FILTERABLE, IS_VIRTUAL, DICT_TYPE, DELETED, CREATE_TIME, UPDATE_TIME, CREATE_BY, UPDATE_BY) VALUES (1348, 122, 'exaddMater', 'EXADD_MATER', NULL, NULL, '额外投料量', 'number', 7, 1, 1, 0, NULL, 0, SYSDATE, SYSDATE, 'system', NULL);
INSERT INTO T_COST_COLUMN_METADATA (ID, TABLE_METADATA_ID, FIELD_NAME, COLUMN_NAME, QUERY_COLUMN, TARGET_COLUMN, HEADER_TEXT, DATA_TYPE, DISPLAY_ORDER, SORTABLE, FILTERABLE, IS_VIRTUAL, DICT_TYPE, DELETED, CREATE_TIME, UPDATE_TIME, CREATE_BY, UPDATE_BY) VALUES (1349, 122, 'price', 'PRICE', NULL, NULL, '单价', 'number', 8, 1, 1, 0, NULL, 0, SYSDATE, SYSDATE, 'system', NULL);
INSERT INTO T_COST_COLUMN_METADATA (ID, TABLE_METADATA_ID, FIELD_NAME, COLUMN_NAME, QUERY_COLUMN, TARGET_COLUMN, HEADER_TEXT, DATA_TYPE, DISPLAY_ORDER, SORTABLE, FILTERABLE, IS_VIRTUAL, DICT_TYPE, DELETED, CREATE_TIME, UPDATE_TIME, CREATE_BY, UPDATE_BY) VALUES (1350, 122, 'batchQty', 'BATCH_QTY', NULL, NULL, '每批数量', 'number', 9, 1, 1, 0, NULL, 0, SYSDATE, SYSDATE, 'system', NULL);
INSERT INTO T_COST_COLUMN_METADATA (ID, TABLE_METADATA_ID, FIELD_NAME, COLUMN_NAME, QUERY_COLUMN, TARGET_COLUMN, HEADER_TEXT, DATA_TYPE, DISPLAY_ORDER, SORTABLE, FILTERABLE, IS_VIRTUAL, DICT_TYPE, DELETED, CREATE_TIME, UPDATE_TIME, CREATE_BY, UPDATE_BY) VALUES (1351, 122, 'costBatch', 'COST_BATCH', NULL, NULL, '每批成本', 'number', 10, 1, 1, 0, NULL, 0, SYSDATE, SYSDATE, 'system', NULL);
INSERT INTO T_COST_COLUMN_METADATA (ID, TABLE_METADATA_ID, FIELD_NAME, COLUMN_NAME, QUERY_COLUMN, TARGET_COLUMN, HEADER_TEXT, DATA_TYPE, DISPLAY_ORDER, SORTABLE, FILTERABLE, IS_VIRTUAL, DICT_TYPE, DELETED, CREATE_TIME, UPDATE_TIME, CREATE_BY, UPDATE_BY) VALUES (1352, 122, 'apexFactoryname', 'APEX_FACTORYNAME', NULL, NULL, '供应商', 'text', 11, 1, 1, 0, NULL, 0, SYSDATE, SYSDATE, 'system', NULL);
INSERT INTO T_COST_COLUMN_METADATA (ID, TABLE_METADATA_ID, FIELD_NAME, COLUMN_NAME, QUERY_COLUMN, TARGET_COLUMN, HEADER_TEXT, DATA_TYPE, DISPLAY_ORDER, SORTABLE, FILTERABLE, IS_VIRTUAL, DICT_TYPE, DELETED, CREATE_TIME, UPDATE_TIME, CREATE_BY, UPDATE_BY) VALUES (1353, 122, 'formulaType', 'FORMULA_TYPE', NULL, NULL, '公式类型', 'text', 12, 1, 1, 1, NULL, 0, SYSDATE, SYSDATE, 'system', NULL);
INSERT INTO T_COST_COLUMN_METADATA (ID, TABLE_METADATA_ID, FIELD_NAME, COLUMN_NAME, QUERY_COLUMN, TARGET_COLUMN, HEADER_TEXT, DATA_TYPE, DISPLAY_ORDER, SORTABLE, FILTERABLE, IS_VIRTUAL, DICT_TYPE, DELETED, CREATE_TIME, UPDATE_TIME, CREATE_BY, UPDATE_BY) VALUES (1444, 122, 'basePrice', 'BASE_PRICE', NULL, NULL, '参考采购价', 'number', 13, 1, 1, 1, NULL, 0, SYSDATE, SYSDATE, 'system', NULL);

-- 列元数据 - 包材明细
INSERT INTO T_COST_COLUMN_METADATA (ID, TABLE_METADATA_ID, FIELD_NAME, COLUMN_NAME, QUERY_COLUMN, TARGET_COLUMN, HEADER_TEXT, DATA_TYPE, DISPLAY_ORDER, SORTABLE, FILTERABLE, IS_VIRTUAL, DICT_TYPE, DELETED, CREATE_TIME, UPDATE_TIME, CREATE_BY, UPDATE_BY) VALUES (1354, 123, 'id', 'ID', NULL, 'DTLID', 'ID', 'number', 0, 1, 1, 0, NULL, 0, SYSDATE, SYSDATE, 'system', NULL);
INSERT INTO T_COST_COLUMN_METADATA (ID, TABLE_METADATA_ID, FIELD_NAME, COLUMN_NAME, QUERY_COLUMN, TARGET_COLUMN, HEADER_TEXT, DATA_TYPE, DISPLAY_ORDER, SORTABLE, FILTERABLE, IS_VIRTUAL, DICT_TYPE, DELETED, CREATE_TIME, UPDATE_TIME, CREATE_BY, UPDATE_BY) VALUES (1355, 123, 'masterId', 'MASTER_ID', 'MASTER_ID', 'DOCID', '主表ID', 'number', 1, 1, 1, 0, NULL, 0, SYSDATE, SYSDATE, 'system', NULL);
INSERT INTO T_COST_COLUMN_METADATA (ID, TABLE_METADATA_ID, FIELD_NAME, COLUMN_NAME, QUERY_COLUMN, TARGET_COLUMN, HEADER_TEXT, DATA_TYPE, DISPLAY_ORDER, SORTABLE, FILTERABLE, IS_VIRTUAL, DICT_TYPE, DELETED, CREATE_TIME, UPDATE_TIME, CREATE_BY, UPDATE_BY) VALUES (1448, 123, 'apexGoodsid', 'APEX_GOODSID', NULL, NULL, '物料ID', 'number', 2, 1, 1, 0, NULL, 0, SYSDATE, SYSDATE, 'system', NULL);
INSERT INTO T_COST_COLUMN_METADATA (ID, TABLE_METADATA_ID, FIELD_NAME, COLUMN_NAME, QUERY_COLUMN, TARGET_COLUMN, HEADER_TEXT, DATA_TYPE, DISPLAY_ORDER, SORTABLE, FILTERABLE, IS_VIRTUAL, DICT_TYPE, DELETED, CREATE_TIME, UPDATE_TIME, CREATE_BY, UPDATE_BY) VALUES (1356, 123, 'dtlUseflag', 'DTL_USEFLAG', NULL, NULL, '包材类型', 'text', 3, 1, 1, 0, NULL, 0, SYSDATE, SYSDATE, 'system', NULL);
INSERT INTO T_COST_COLUMN_METADATA (ID, TABLE_METADATA_ID, FIELD_NAME, COLUMN_NAME, QUERY_COLUMN, TARGET_COLUMN, HEADER_TEXT, DATA_TYPE, DISPLAY_ORDER, SORTABLE, FILTERABLE, IS_VIRTUAL, DICT_TYPE, DELETED, CREATE_TIME, UPDATE_TIME, CREATE_BY, UPDATE_BY) VALUES (1357, 123, 'apexGoodsname', 'APEX_GOODSNAME', NULL, NULL, '包材名称', 'text', 4, 1, 1, 0, NULL, 0, SYSDATE, SYSDATE, 'system', NULL);
INSERT INTO T_COST_COLUMN_METADATA (ID, TABLE_METADATA_ID, FIELD_NAME, COLUMN_NAME, QUERY_COLUMN, TARGET_COLUMN, HEADER_TEXT, DATA_TYPE, DISPLAY_ORDER, SORTABLE, FILTERABLE, IS_VIRTUAL, DICT_TYPE, DELETED, CREATE_TIME, UPDATE_TIME, CREATE_BY, UPDATE_BY) VALUES (1358, 123, 'spec', 'SPEC', NULL, NULL, '规格型号', 'text', 5, 1, 1, 0, NULL, 0, SYSDATE, SYSDATE, 'system', NULL);
INSERT INTO T_COST_COLUMN_METADATA (ID, TABLE_METADATA_ID, FIELD_NAME, COLUMN_NAME, QUERY_COLUMN, TARGET_COLUMN, HEADER_TEXT, DATA_TYPE, DISPLAY_ORDER, SORTABLE, FILTERABLE, IS_VIRTUAL, DICT_TYPE, DELETED, CREATE_TIME, UPDATE_TIME, CREATE_BY, UPDATE_BY) VALUES (1359, 123, 'suqty', 'SUQTY', NULL, NULL, '用量', 'number', 6, 1, 1, 0, NULL, 0, SYSDATE, SYSDATE, 'system', NULL);
INSERT INTO T_COST_COLUMN_METADATA (ID, TABLE_METADATA_ID, FIELD_NAME, COLUMN_NAME, QUERY_COLUMN, TARGET_COLUMN, HEADER_TEXT, DATA_TYPE, DISPLAY_ORDER, SORTABLE, FILTERABLE, IS_VIRTUAL, DICT_TYPE, DELETED, CREATE_TIME, UPDATE_TIME, CREATE_BY, UPDATE_BY) VALUES (1360, 123, 'price', 'PRICE', NULL, NULL, '包材单价', 'number', 7, 1, 1, 0, NULL, 0, SYSDATE, SYSDATE, 'system', NULL);
INSERT INTO T_COST_COLUMN_METADATA (ID, TABLE_METADATA_ID, FIELD_NAME, COLUMN_NAME, QUERY_COLUMN, TARGET_COLUMN, HEADER_TEXT, DATA_TYPE, DISPLAY_ORDER, SORTABLE, FILTERABLE, IS_VIRTUAL, DICT_TYPE, DELETED, CREATE_TIME, UPDATE_TIME, CREATE_BY, UPDATE_BY) VALUES (1361, 123, 'batchQty', 'BATCH_QTY', NULL, NULL, '每批数量', 'number', 8, 1, 1, 0, NULL, 0, SYSDATE, SYSDATE, 'system', NULL);
INSERT INTO T_COST_COLUMN_METADATA (ID, TABLE_METADATA_ID, FIELD_NAME, COLUMN_NAME, QUERY_COLUMN, TARGET_COLUMN, HEADER_TEXT, DATA_TYPE, DISPLAY_ORDER, SORTABLE, FILTERABLE, IS_VIRTUAL, DICT_TYPE, DELETED, CREATE_TIME, UPDATE_TIME, CREATE_BY, UPDATE_BY) VALUES (1362, 123, 'costBatch', 'COST_BATCH', NULL, NULL, '包材成本', 'number', 9, 1, 1, 0, NULL, 0, SYSDATE, SYSDATE, 'system', NULL);
INSERT INTO T_COST_COLUMN_METADATA (ID, TABLE_METADATA_ID, FIELD_NAME, COLUMN_NAME, QUERY_COLUMN, TARGET_COLUMN, HEADER_TEXT, DATA_TYPE, DISPLAY_ORDER, SORTABLE, FILTERABLE, IS_VIRTUAL, DICT_TYPE, DELETED, CREATE_TIME, UPDATE_TIME, CREATE_BY, UPDATE_BY) VALUES (1363, 123, 'apexFactoryname', 'APEX_FACTORYNAME', NULL, NULL, '包材供应商', 'text', 10, 1, 1, 0, NULL, 0, SYSDATE, SYSDATE, 'system', NULL);
INSERT INTO T_COST_COLUMN_METADATA (ID, TABLE_METADATA_ID, FIELD_NAME, COLUMN_NAME, QUERY_COLUMN, TARGET_COLUMN, HEADER_TEXT, DATA_TYPE, DISPLAY_ORDER, SORTABLE, FILTERABLE, IS_VIRTUAL, DICT_TYPE, DELETED, CREATE_TIME, UPDATE_TIME, CREATE_BY, UPDATE_BY) VALUES (1364, 123, 'formulaType', 'FORMULA_TYPE', NULL, NULL, '公式类型', 'text', 11, 1, 1, 1, NULL, 0, SYSDATE, SYSDATE, 'system', NULL);
INSERT INTO T_COST_COLUMN_METADATA (ID, TABLE_METADATA_ID, FIELD_NAME, COLUMN_NAME, QUERY_COLUMN, TARGET_COLUMN, HEADER_TEXT, DATA_TYPE, DISPLAY_ORDER, SORTABLE, FILTERABLE, IS_VIRTUAL, DICT_TYPE, DELETED, CREATE_TIME, UPDATE_TIME, CREATE_BY, UPDATE_BY) VALUES (1445, 123, 'basePrice', 'BASE_PRICE', NULL, NULL, '参考采购价', 'number', 12, 1, 1, 1, NULL, 0, SYSDATE, SYSDATE, 'system', NULL);

-- 3. 页面组件
DELETE FROM T_COST_PAGE_COMPONENT WHERE PAGE_CODE = 'cost-pinggu';

INSERT INTO T_COST_PAGE_COMPONENT (ID, PAGE_CODE, COMPONENT_KEY, COMPONENT_TYPE, PARENT_KEY, COMPONENT_CONFIG, REF_TABLE_CODE, SLOT_NAME, SORT_ORDER, DELETED, DESCRIPTION, CREATE_TIME, UPDATE_TIME, CREATE_BY, UPDATE_BY) VALUES (113, 'cost-pinggu', 'root', 'LAYOUT', NULL, '{"direction":"vertical","gap":8}', NULL, NULL, 0, 0, NULL, SYSDATE, SYSDATE, 'system', NULL);
INSERT INTO T_COST_PAGE_COMPONENT (ID, PAGE_CODE, COMPONENT_KEY, COMPONENT_TYPE, PARENT_KEY, COMPONENT_CONFIG, REF_TABLE_CODE, SLOT_NAME, SORT_ORDER, DELETED, DESCRIPTION, CREATE_TIME, UPDATE_TIME, CREATE_BY, UPDATE_BY) VALUES (114, 'cost-pinggu', 'masterGrid', 'GRID', 'root', '{"height":"50%","selectionMode":"single","buttons":[{"action":"addRow","label":"新增"},{"action":"copyRow","label":"复制","requiresRow":true},{"action":"deleteRow","label":"删除","requiresRow":true},{"action":"generateFromBom","label":"由BOM生成明细","requiresRow":true,"procedure":"P_COST_BOM_INSERT","params":[{"source":"data.id","mode":"IN","jdbcType":"NUMERIC"}]},{"action":"syncPrice","label":"同步采购价","procedure":"P_PINGGU_COMPUTE_ALL","params":[]},{"action":"saveGridConfig","label":"保存列配置"},{"action":"save","label":"保存"}]}', 'CostPinggu', NULL, 1, 0, NULL, SYSDATE, SYSDATE, 'system', NULL);
INSERT INTO T_COST_PAGE_COMPONENT (ID, PAGE_CODE, COMPONENT_KEY, COMPONENT_TYPE, PARENT_KEY, COMPONENT_CONFIG, REF_TABLE_CODE, SLOT_NAME, SORT_ORDER, DELETED, DESCRIPTION, CREATE_TIME, UPDATE_TIME, CREATE_BY, UPDATE_BY) VALUES (115, 'cost-pinggu', 'detailTabs', 'TABS', 'root', '{"mode":"multi","tabs":[{"key":"material","title":"原料/辅料","tableCode":"CostMaterial","buttons":[{"action":"addRow","label":"新增"},{"action":"copyRow","label":"复制","requiresRow":true},{"action":"deleteRow","label":"删除","requiresRow":true},{"action":"saveGridConfig","label":"保存列配置"},{"action":"clipboard.copy","label":"复制"},{"action":"clipboard.paste","label":"粘贴"}]},{"key":"package","title":"包材","tableCode":"CostPackage","buttons":[{"action":"addRow","label":"新增"},{"action":"copyRow","label":"复制","requiresRow":true},{"action":"deleteRow","label":"删除","requiresRow":true},{"action":"saveGridConfig","label":"保存列配置"},{"action":"clipboard.copy","label":"复制"},{"action":"clipboard.paste","label":"粘贴"}]}]}', NULL, NULL, 2, 0, NULL, SYSDATE, SYSDATE, 'system', NULL);

-- 4. 页面规则
DELETE FROM T_COST_PAGE_RULE WHERE PAGE_CODE = 'cost-pinggu';

-- 主表规则
INSERT INTO T_COST_PAGE_RULE (ID, PAGE_CODE, COMPONENT_KEY, RULE_TYPE, RULES, SORT_ORDER, DESCRIPTION, DELETED, CREATE_TIME, UPDATE_TIME, CREATE_BY, UPDATE_BY) VALUES (473, 'cost-pinggu', 'masterGrid', 'COLUMN_OVERRIDE', '[{"field":"id","visible":true,"editable":false},{"field":"goodsid","visible":true,"editable":false},{"field":"goodsname","visible":true,"editable":true,"searchable":true},{"field":"goodsnameEn","visible":true,"editable":true},{"field":"strength","visible":true,"editable":true},{"field":"customid","visible":true,"editable":false},{"field":"customname","visible":true,"editable":true,"searchable":true},{"field":"country","visible":true,"editable":true},{"field":"tranposid","visible":true,"editable":false},{"field":"livery","visible":true,"editable":true},{"field":"projectno","visible":true,"editable":true},{"field":"apexPl","visible":true,"editable":true},{"field":"annualQty","visible":true,"editable":true},{"field":"yield","visible":true,"editable":true},{"field":"pPerpack","visible":true,"editable":true},{"field":"sPerback","visible":true,"editable":true},{"field":"xPerback","visible":true,"editable":true},{"field":"packtype","visible":true,"editable":true},{"field":"totalYl","visible":true,"editable":false},{"field":"totalFl","visible":true,"editable":false},{"field":"totalBc","visible":true,"editable":false},{"field":"totalCost","visible":true,"editable":false},{"field":"outPriceRmb","visible":true,"editable":true},{"field":"salemoney","visible":true,"editable":false},{"field":"jgfBatch","visible":true,"editable":false},{"field":"costPerqp","visible":true,"editable":true},{"field":"jgfPerqp","visible":true,"editable":false},{"field":"mlPerqp","visible":true,"editable":false},{"field":"yJgRe","visible":true,"editable":false},{"field":"yMl","visible":true,"editable":false},{"field":"ySale","visible":true,"editable":false},{"field":"fmname","visible":true,"editable":true},{"field":"fmrate","visible":true,"editable":true},{"field":"memo","visible":true,"editable":true}]', 0, NULL, 0, SYSDATE, SYSDATE, 'system', NULL);
INSERT INTO T_COST_PAGE_RULE (ID, PAGE_CODE, COMPONENT_KEY, RULE_TYPE, RULES, SORT_ORDER, DESCRIPTION, DELETED, CREATE_TIME, UPDATE_TIME, CREATE_BY, UPDATE_BY) VALUES (474, 'cost-pinggu', 'masterGrid', 'VALIDATION', '[]', 0, NULL, 0, SYSDATE, SYSDATE, 'system', NULL);
INSERT INTO T_COST_PAGE_RULE (ID, PAGE_CODE, COMPONENT_KEY, RULE_TYPE, RULES, SORT_ORDER, DESCRIPTION, DELETED, CREATE_TIME, UPDATE_TIME, CREATE_BY, UPDATE_BY) VALUES (475, 'cost-pinggu', 'masterGrid', 'CALC', '[{"field":"salemoney","expression":"outPriceRmb / pPerpack * apexPl * (yield / 100)","triggerFields":["outPriceRmb","pPerpack","apexPl","yield"]},{"field":"jgfBatch","expression":"salemoney - totalCost","triggerFields":["salemoney","totalCost"]},{"field":"costPerbox","expression":"totalCost / apexPl * pPerpack","triggerFields":["totalCost","apexPl","pPerpack"]},{"field":"jgfPerqp","expression":"jgfBatch / apexPl * 1000","triggerFields":["jgfBatch","apexPl"]},{"field":"mlPerqp","expression":"jgfPerqp - costPerqp","triggerFields":["jgfPerqp","costPerqp"]},{"field":"yJgRe","expression":"jgfPerqp / 1000 * annualQty","triggerFields":["jgfPerqp","annualQty"]},{"field":"yMl","expression":"mlPerqp / 1000 * annualQty","triggerFields":["mlPerqp","annualQty"]},{"field":"ySale","expression":"salemoney / apexPl * annualQty","triggerFields":["salemoney","apexPl","annualQty"]}]', 0, NULL, 0, SYSDATE, SYSDATE, 'system', NULL);
INSERT INTO T_COST_PAGE_RULE (ID, PAGE_CODE, COMPONENT_KEY, RULE_TYPE, RULES, SORT_ORDER, DESCRIPTION, DELETED, CREATE_TIME, UPDATE_TIME, CREATE_BY, UPDATE_BY) VALUES (476, 'cost-pinggu', 'masterGrid', 'AGGREGATE', '[{"sourceField":"costBatch","targetField":"totalYl","algorithm":"SUM","sourceTab":"material","filter":"dtlUseflag === ''原料''"},{"sourceField":"costBatch","targetField":"totalFl","algorithm":"SUM","sourceTab":"material","filter":"dtlUseflag === ''辅料''"},{"sourceField":"costBatch","targetField":"totalBc","algorithm":"SUM","sourceTab":"package","filter":"dtlUseflag === ''非印字包材'' || dtlUseflag === ''印字包材''"},{"targetField":"totalYl","expression":"totalYl > 0 ? totalYl / 1.13 : totalYl"},{"targetField":"totalFl","expression":"totalYl > 0 ? totalFl / 1.13 : totalFl"},{"targetField":"totalBc","expression":"totalYl > 0 ? totalBc / 1.13 : totalBc"},{"targetField":"totalCost","expression":"totalYl + totalFl + totalBc"}]', 0, NULL, 0, SYSDATE, SYSDATE, 'system', NULL);
INSERT INTO T_COST_PAGE_RULE (ID, PAGE_CODE, COMPONENT_KEY, RULE_TYPE, RULES, SORT_ORDER, DESCRIPTION, DELETED, CREATE_TIME, UPDATE_TIME, CREATE_BY, UPDATE_BY) VALUES (477, 'cost-pinggu', 'masterGrid', 'LOOKUP', '[{"field":"goodsname","lookupCode":"costGoods","mapping":{"goodsid":"goodsid","goodsname":"goodsname","maNo":"maNo","apexPl":"apexPl","mah":"mah","pPerpack":"pPerpack","sPerback":"sPerback","customid":"customid","customname":"customname","memo":"memo","strength":"strength","livery":"livery"}},{"field":"fmname","lookupCode":"formoney","mapping":{"fmname":"fmname","fmrate":"fmrate"}},{"field":"customname","lookupCode":"costCustomer","mapping":{"customid":"customid","customname":"customname","country":"country","tranposid":"tranposid","livery":"livery"}}]', 0, NULL, 0, SYSDATE, SYSDATE, 'system', NULL);
INSERT INTO T_COST_PAGE_RULE (ID, PAGE_CODE, COMPONENT_KEY, RULE_TYPE, RULES, SORT_ORDER, DESCRIPTION, DELETED, CREATE_TIME, UPDATE_TIME, CREATE_BY, UPDATE_BY) VALUES (486, 'cost-pinggu', 'masterGrid', 'ROLE_BINDING', '{"role":"MASTER_GRID"}', 0, NULL, 0, SYSDATE, SYSDATE, 'system', NULL);
INSERT INTO T_COST_PAGE_RULE (ID, PAGE_CODE, COMPONENT_KEY, RULE_TYPE, RULES, SORT_ORDER, DESCRIPTION, DELETED, CREATE_TIME, UPDATE_TIME, CREATE_BY, UPDATE_BY) VALUES (487, 'cost-pinggu', 'masterGrid', 'GRID_OPTIONS', '{"cellSelection":true,"sideBar":true}', 0, NULL, 0, SYSDATE, SYSDATE, 'system', NULL);
INSERT INTO T_COST_PAGE_RULE (ID, PAGE_CODE, COMPONENT_KEY, RULE_TYPE, RULES, SORT_ORDER, DESCRIPTION, DELETED, CREATE_TIME, UPDATE_TIME, CREATE_BY, UPDATE_BY) VALUES (544, 'cost-pinggu', 'masterGrid', 'ROW_CLASS', '[{"field":"memo","operator":"eq","value":"ERP未搭建BOM","style":{"backgroundColor":"#ffcccc"}}]', 0, NULL, 0, SYSDATE, SYSDATE, 'system', NULL);

-- 明细Tab规则
INSERT INTO T_COST_PAGE_RULE (ID, PAGE_CODE, COMPONENT_KEY, RULE_TYPE, RULES, SORT_ORDER, DESCRIPTION, DELETED, CREATE_TIME, UPDATE_TIME, CREATE_BY, UPDATE_BY) VALUES (488, 'cost-pinggu', 'detailTabs', 'ROLE_BINDING', '{"role":"DETAIL_TABS"}', 0, NULL, 0, SYSDATE, SYSDATE, 'system', NULL);
INSERT INTO T_COST_PAGE_RULE (ID, PAGE_CODE, COMPONENT_KEY, RULE_TYPE, RULES, SORT_ORDER, DESCRIPTION, DELETED, CREATE_TIME, UPDATE_TIME, CREATE_BY, UPDATE_BY) VALUES (489, 'cost-pinggu', 'detailTabs', 'RELATION', '{"masterKey":"masterGrid","detailKey":"detailTabs"}', 0, NULL, 0, SYSDATE, SYSDATE, 'system', NULL);
INSERT INTO T_COST_PAGE_RULE (ID, PAGE_CODE, COMPONENT_KEY, RULE_TYPE, RULES, SORT_ORDER, DESCRIPTION, DELETED, CREATE_TIME, UPDATE_TIME, CREATE_BY, UPDATE_BY) VALUES (490, 'cost-pinggu', 'detailTabs', 'BROADCAST', '["apexPl","pPerpack","sPerback","xPerback"]', 0, NULL, 0, SYSDATE, SYSDATE, 'system', NULL);
INSERT INTO T_COST_PAGE_RULE (ID, PAGE_CODE, COMPONENT_KEY, RULE_TYPE, RULES, SORT_ORDER, DESCRIPTION, DELETED, CREATE_TIME, UPDATE_TIME, CREATE_BY, UPDATE_BY) VALUES (491, 'cost-pinggu', 'detailTabs', 'SUMMARY_CONFIG', '{"enabled":true,"groupLabelField":"groupLabel","groupLabelHeader":"分类","summaryColumns":[{"field":"totalAmount","headerName":"汇总金额","width":null},{"field":"rowCount","headerName":"行数","width":null}],"summaryAggregates":[{"sourceField":"costBatch","targetField":"totalAmount","algorithm":"SUM"},{"sourceField":"costBatch","targetField":"rowCount","algorithm":"COUNT"}]}', 0, NULL, 0, SYSDATE, SYSDATE, 'system', NULL);

-- 原辅料明细规则
INSERT INTO T_COST_PAGE_RULE (ID, PAGE_CODE, COMPONENT_KEY, RULE_TYPE, RULES, SORT_ORDER, DESCRIPTION, DELETED, CREATE_TIME, UPDATE_TIME, CREATE_BY, UPDATE_BY) VALUES (478, 'cost-pinggu', 'material', 'COLUMN_OVERRIDE', '[{"field":"id","visible":true,"editable":false},{"field":"masterId","visible":true,"editable":false},{"field":"apexGoodsid","visible":true,"editable":false},{"field":"dtlUseflag","visible":true,"editable":true,"cellEditor":"agSelectCellEditor","cellEditorParams":{"values":["原料","辅料"]}},{"field":"apexGoodsname","visible":true,"editable":true},{"field":"spec","visible":true,"editable":true},{"field":"perHl","visible":true,"editable":true},{"field":"exaddMater","visible":true,"editable":true},{"field":"price","visible":true,"editable":true},{"field":"batchQty","visible":true,"editable":false},{"field":"costBatch","visible":true,"editable":false},{"field":"apexFactoryname","visible":true,"editable":true},{"field":"formulaType","visible":false,"editable":false}]', 0, NULL, 0, SYSDATE, SYSDATE, 'system', NULL);
INSERT INTO T_COST_PAGE_RULE (ID, PAGE_CODE, COMPONENT_KEY, RULE_TYPE, RULES, SORT_ORDER, DESCRIPTION, DELETED, CREATE_TIME, UPDATE_TIME, CREATE_BY, UPDATE_BY) VALUES (479, 'cost-pinggu', 'material', 'VALIDATION', '[{"field":"perHl","required":true,"min":0.001,"message":"每片含量必填且必须大于0"},{"field":"price","required":true,"min":0,"message":"单价必填且不能为负数"}]', 0, NULL, 0, SYSDATE, SYSDATE, 'system', NULL);
INSERT INTO T_COST_PAGE_RULE (ID, PAGE_CODE, COMPONENT_KEY, RULE_TYPE, RULES, SORT_ORDER, DESCRIPTION, DELETED, CREATE_TIME, UPDATE_TIME, CREATE_BY, UPDATE_BY) VALUES (480, 'cost-pinggu', 'material', 'CALC', '[{"field":"batchQty","formulaField":"formulaType","formulas":{"B":{"expression":"apexPl / 10000","triggerFields":["apexPl"]},"C":{"expression":"perHl * apexPl * (1 + exaddMater / 100) / 1000000","triggerFields":["perHl","apexPl","exaddMater"]}}},{"field":"costBatch","expression":"batchQty * price","triggerFields":["batchQty","price"]}]', 0, NULL, 0, SYSDATE, SYSDATE, 'system', NULL);
INSERT INTO T_COST_PAGE_RULE (ID, PAGE_CODE, COMPONENT_KEY, RULE_TYPE, RULES, SORT_ORDER, DESCRIPTION, DELETED, CREATE_TIME, UPDATE_TIME, CREATE_BY, UPDATE_BY) VALUES (481, 'cost-pinggu', 'material', 'LOOKUP', '[{"field":"apexGoodsname","lookupCode":"costMaterial","mapping":{"apexGoodsid":"goodsid","apexGoodsname":"goodsname","spec":"goodstype","price":"price","apexFactoryname":"factoryname","goodstype":"goodstype","basePrice":"price"}}]', 0, NULL, 0, SYSDATE, SYSDATE, 'system', NULL);

-- 包材明细规则
INSERT INTO T_COST_PAGE_RULE (ID, PAGE_CODE, COMPONENT_KEY, RULE_TYPE, RULES, SORT_ORDER, DESCRIPTION, DELETED, CREATE_TIME, UPDATE_TIME, CREATE_BY, UPDATE_BY) VALUES (482, 'cost-pinggu', 'package', 'COLUMN_OVERRIDE', '[{"field":"id","visible":true,"editable":false},{"field":"masterId","visible":true,"editable":false},{"field":"apexGoodsid","visible":true,"editable":false},{"field":"dtlUseflag","visible":true,"editable":true,"cellEditor":"agSelectCellEditor","cellEditorParams":{"values":["印字包材","非印字包材"]}},{"field":"apexGoodsname","visible":true,"editable":true},{"field":"spec","visible":true,"editable":true},{"field":"suqty","visible":true,"editable":true},{"field":"price","visible":true,"editable":true},{"field":"batchQty","visible":true,"editable":false},{"field":"costBatch","visible":true,"editable":false},{"field":"apexFactoryname","visible":true,"editable":true},{"field":"formulaType","visible":false,"editable":false}]', 0, NULL, 0, SYSDATE, SYSDATE, 'system', NULL);
INSERT INTO T_COST_PAGE_RULE (ID, PAGE_CODE, COMPONENT_KEY, RULE_TYPE, RULES, SORT_ORDER, DESCRIPTION, DELETED, CREATE_TIME, UPDATE_TIME, CREATE_BY, UPDATE_BY) VALUES (483, 'cost-pinggu', 'package', 'VALIDATION', '[{"field":"price","min":0,"message":"包材单价不能为负数"}]', 0, NULL, 0, SYSDATE, SYSDATE, 'system', NULL);
INSERT INTO T_COST_PAGE_RULE (ID, PAGE_CODE, COMPONENT_KEY, RULE_TYPE, RULES, SORT_ORDER, DESCRIPTION, DELETED, CREATE_TIME, UPDATE_TIME, CREATE_BY, UPDATE_BY) VALUES (484, 'cost-pinggu', 'package', 'CALC', '[{"field":"batchQty","formulaField":"formulaType","formulas":{"A":{"expression":"apexPl / pPerpack * (1 + exaddMater)","triggerFields":["apexPl","pPerpack","exaddMater"]},"D":{"expression":"perHl * apexPl * (1 + exaddMater / 100) / 1000000","triggerFields":["perHl","apexPl","exaddMater"]},"E":{"expression":"ceil(apexPl / (pPerpack * sPerback))","triggerFields":["apexPl","pPerpack","sPerback"]},"F":{"expression":"ceil(apexPl / (pPerpack * sPerback * xPerback))","triggerFields":["apexPl","pPerpack","sPerback","xPerback"]}}},{"field":"costBatch","expression":"batchQty * price","triggerFields":["batchQty","price"]}]', 0, NULL, 0, SYSDATE, SYSDATE, 'system', NULL);
INSERT INTO T_COST_PAGE_RULE (ID, PAGE_CODE, COMPONENT_KEY, RULE_TYPE, RULES, SORT_ORDER, DESCRIPTION, DELETED, CREATE_TIME, UPDATE_TIME, CREATE_BY, UPDATE_BY) VALUES (485, 'cost-pinggu', 'package', 'LOOKUP', '[{"field":"apexGoodsname","lookupCode":"costMaterial","mapping":{"apexGoodsid":"goodsid","apexGoodsname":"goodsname","spec":"goodstype","price":"price","apexFactoryname":"factoryname","suqty":"lastsuqty"}}]', 0, NULL, 0, SYSDATE, SYSDATE, 'system', NULL);

COMMIT;
