-- ============================================================
-- 用户角色部门元数据初始化
-- ============================================================

-- 表元数据
INSERT INTO T_COST_TABLE_METADATA (ID, TABLE_CODE, TABLE_NAME, QUERY_VIEW, TARGET_TABLE, SEQUENCE_NAME, PK_COLUMN, PARENT_TABLE_CODE, PARENT_FK_COLUMN, AUDIT_ENABLED, DELETED, CREATE_TIME, UPDATE_TIME, CREATE_BY)
VALUES (5, 'CostUser', '用户管理', 'V_COST_USER', 'T_COST_USER', 'SEQ_COST_USER', 'ID', NULL, NULL, 0, 0, SYSTIMESTAMP, SYSTIMESTAMP, 'system');

INSERT INTO T_COST_TABLE_METADATA (ID, TABLE_CODE, TABLE_NAME, QUERY_VIEW, TARGET_TABLE, SEQUENCE_NAME, PK_COLUMN, PARENT_TABLE_CODE, PARENT_FK_COLUMN, AUDIT_ENABLED, DELETED, CREATE_TIME, UPDATE_TIME, CREATE_BY)
VALUES (6, 'CostDepartment', '部门管理', 'T_COST_DEPARTMENT', 'T_COST_DEPARTMENT', 'SEQ_COST_DEPARTMENT', 'ID', NULL, NULL, 0, 0, SYSTIMESTAMP, SYSTIMESTAMP, 'system');

-- 用户列元数据
INSERT INTO T_COST_COLUMN_METADATA (ID, TABLE_METADATA_ID, COLUMN_NAME, HEADER_TEXT, DATA_TYPE, DISPLAY_ORDER, SORTABLE, FILTERABLE, IS_VIRTUAL, DELETED, CREATE_TIME, UPDATE_TIME, CREATE_BY)
VALUES (27, 5, 'ID', 'ID', 'number', 1, 1, 1, 0, 0, SYSTIMESTAMP, SYSTIMESTAMP, 'system');
INSERT INTO T_COST_COLUMN_METADATA (ID, TABLE_METADATA_ID, COLUMN_NAME, HEADER_TEXT, DATA_TYPE, DISPLAY_ORDER, SORTABLE, FILTERABLE, IS_VIRTUAL, DELETED, CREATE_TIME, UPDATE_TIME, CREATE_BY)
VALUES (28, 5, 'USERNAME', '用户名', 'text', 2, 1, 1, 0, 0, SYSTIMESTAMP, SYSTIMESTAMP, 'system');
INSERT INTO T_COST_COLUMN_METADATA (ID, TABLE_METADATA_ID, COLUMN_NAME, HEADER_TEXT, DATA_TYPE, DISPLAY_ORDER, SORTABLE, FILTERABLE, IS_VIRTUAL, DELETED, CREATE_TIME, UPDATE_TIME, CREATE_BY)
VALUES (29, 5, 'REAL_NAME', '真实姓名', 'text', 3, 1, 1, 0, 0, SYSTIMESTAMP, SYSTIMESTAMP, 'system');
INSERT INTO T_COST_COLUMN_METADATA (ID, TABLE_METADATA_ID, COLUMN_NAME, HEADER_TEXT, DATA_TYPE, DISPLAY_ORDER, SORTABLE, FILTERABLE, IS_VIRTUAL, DELETED, CREATE_TIME, UPDATE_TIME, CREATE_BY)
VALUES (30, 5, 'EMAIL', '邮箱', 'text', 4, 1, 1, 0, 0, SYSTIMESTAMP, SYSTIMESTAMP, 'system');
INSERT INTO T_COST_COLUMN_METADATA (ID, TABLE_METADATA_ID, COLUMN_NAME, HEADER_TEXT, DATA_TYPE, DISPLAY_ORDER, SORTABLE, FILTERABLE, IS_VIRTUAL, DELETED, CREATE_TIME, UPDATE_TIME, CREATE_BY)
VALUES (31, 5, 'PHONE', '电话', 'text', 5, 1, 1, 0, 0, SYSTIMESTAMP, SYSTIMESTAMP, 'system');
INSERT INTO T_COST_COLUMN_METADATA (ID, TABLE_METADATA_ID, COLUMN_NAME, HEADER_TEXT, DATA_TYPE, DISPLAY_ORDER, SORTABLE, FILTERABLE, IS_VIRTUAL, DELETED, CREATE_TIME, UPDATE_TIME, CREATE_BY)
VALUES (32, 5, 'DEPARTMENT_ID', '部门ID', 'number', 6, 1, 1, 0, 0, SYSTIMESTAMP, SYSTIMESTAMP, 'system');
INSERT INTO T_COST_COLUMN_METADATA (ID, TABLE_METADATA_ID, COLUMN_NAME, HEADER_TEXT, DATA_TYPE, DISPLAY_ORDER, SORTABLE, FILTERABLE, IS_VIRTUAL, DELETED, CREATE_TIME, UPDATE_TIME, CREATE_BY)
VALUES (33, 5, 'DEPT_NAME', '部门名称', 'text', 7, 1, 1, 1, 0, SYSTIMESTAMP, SYSTIMESTAMP, 'system');
INSERT INTO T_COST_COLUMN_METADATA (ID, TABLE_METADATA_ID, COLUMN_NAME, HEADER_TEXT, DATA_TYPE, DISPLAY_ORDER, SORTABLE, FILTERABLE, IS_VIRTUAL, DELETED, CREATE_TIME, UPDATE_TIME, CREATE_BY)
VALUES (34, 5, 'STATUS', '状态', 'number', 8, 1, 1, 0, 0, SYSTIMESTAMP, SYSTIMESTAMP, 'system');

-- 部门列元数据
INSERT INTO T_COST_COLUMN_METADATA (ID, TABLE_METADATA_ID, COLUMN_NAME, HEADER_TEXT, DATA_TYPE, DISPLAY_ORDER, SORTABLE, FILTERABLE, IS_VIRTUAL, DELETED, CREATE_TIME, UPDATE_TIME, CREATE_BY)
VALUES (35, 6, 'ID', 'ID', 'number', 1, 1, 1, 0, 0, SYSTIMESTAMP, SYSTIMESTAMP, 'system');
INSERT INTO T_COST_COLUMN_METADATA (ID, TABLE_METADATA_ID, COLUMN_NAME, HEADER_TEXT, DATA_TYPE, DISPLAY_ORDER, SORTABLE, FILTERABLE, IS_VIRTUAL, DELETED, CREATE_TIME, UPDATE_TIME, CREATE_BY)
VALUES (36, 6, 'DEPT_CODE', '部门编码', 'text', 2, 1, 1, 0, 0, SYSTIMESTAMP, SYSTIMESTAMP, 'system');
INSERT INTO T_COST_COLUMN_METADATA (ID, TABLE_METADATA_ID, COLUMN_NAME, HEADER_TEXT, DATA_TYPE, DISPLAY_ORDER, SORTABLE, FILTERABLE, IS_VIRTUAL, DELETED, CREATE_TIME, UPDATE_TIME, CREATE_BY)
VALUES (37, 6, 'DEPT_NAME', '部门名称', 'text', 3, 1, 1, 0, 0, SYSTIMESTAMP, SYSTIMESTAMP, 'system');
INSERT INTO T_COST_COLUMN_METADATA (ID, TABLE_METADATA_ID, COLUMN_NAME, HEADER_TEXT, DATA_TYPE, DISPLAY_ORDER, SORTABLE, FILTERABLE, IS_VIRTUAL, DELETED, CREATE_TIME, UPDATE_TIME, CREATE_BY)
VALUES (38, 6, 'PARENT_ID', '上级部门ID', 'number', 4, 1, 1, 0, 0, SYSTIMESTAMP, SYSTIMESTAMP, 'system');
INSERT INTO T_COST_COLUMN_METADATA (ID, TABLE_METADATA_ID, COLUMN_NAME, HEADER_TEXT, DATA_TYPE, DISPLAY_ORDER, SORTABLE, FILTERABLE, IS_VIRTUAL, DELETED, CREATE_TIME, UPDATE_TIME, CREATE_BY)
VALUES (39, 6, 'SORT_ORDER', '排序', 'number', 5, 1, 1, 0, 0, SYSTIMESTAMP, SYSTIMESTAMP, 'system');

-- 页面组件
INSERT INTO T_COST_PAGE_COMPONENT (ID, PAGE_CODE, COMPONENT_KEY, COMPONENT_TYPE, PARENT_KEY, COMPONENT_CONFIG, REF_TABLE_CODE, SORT_ORDER, DELETED, DESCRIPTION, CREATE_TIME, UPDATE_TIME, CREATE_BY)
VALUES (5, 'user-manage', 'masterGrid', 'GRID', NULL, '{"buttons":[{"action":"addRow","label":"新增"},{"action":"deleteRow","label":"删除","requiresRow":true},{"action":"resetPassword","label":"初始化密码","position":"toolbar","requiresRow":true,"method":"userService.resetPassword"},{"action":"save","label":"保存"}]}', 'CostUser', 0, 0, NULL, SYSTIMESTAMP, SYSTIMESTAMP, 'system');

INSERT INTO T_COST_PAGE_COMPONENT (ID, PAGE_CODE, COMPONENT_KEY, COMPONENT_TYPE, PARENT_KEY, COMPONENT_CONFIG, REF_TABLE_CODE, SORT_ORDER, DELETED, DESCRIPTION, CREATE_TIME, UPDATE_TIME, CREATE_BY)
VALUES (6, 'dept-manage', 'masterGrid', 'GRID', NULL, '{"buttons":[{"action":"addRow","label":"新增"},{"action":"deleteRow","label":"删除","requiresRow":true},{"action":"save","label":"保存"}]}', 'CostDepartment', 0, 0, NULL, SYSTIMESTAMP, SYSTIMESTAMP, 'system');

-- 页面规则
INSERT INTO T_COST_PAGE_RULE (ID, PAGE_CODE, COMPONENT_KEY, RULE_TYPE, RULES, SORT_ORDER, DELETED, CREATE_TIME, UPDATE_TIME, CREATE_BY)
VALUES (11, 'user-manage', 'masterGrid', 'COLUMN_OVERRIDE', '[{"columnName":"ID","visible":false,"editable":false},{"columnName":"USERNAME","editable":true},{"columnName":"REAL_NAME","editable":true},{"columnName":"EMAIL","editable":true},{"columnName":"PHONE","editable":true},{"columnName":"DEPARTMENT_ID","visible":false,"editable":false},{"columnName":"DEPT_NAME","editable":false},{"columnName":"STATUS","editable":true}]', 0, 0, SYSTIMESTAMP, SYSTIMESTAMP, 'system');

INSERT INTO T_COST_PAGE_RULE (ID, PAGE_CODE, COMPONENT_KEY, RULE_TYPE, RULES, SORT_ORDER, DELETED, CREATE_TIME, UPDATE_TIME, CREATE_BY)
VALUES (12, 'user-manage', 'masterGrid', 'LOOKUP', '[{"columnName":"DEPT_NAME","lookupCode":"department","mapping":{"DEPARTMENT_ID":"ID","DEPT_NAME":"DEPT_NAME"}}]', 0, 0, SYSTIMESTAMP, SYSTIMESTAMP, 'system');

INSERT INTO T_COST_PAGE_RULE (ID, PAGE_CODE, COMPONENT_KEY, RULE_TYPE, RULES, SORT_ORDER, DELETED, CREATE_TIME, UPDATE_TIME, CREATE_BY)
VALUES (14, 'dept-manage', 'masterGrid', 'COLUMN_OVERRIDE', '[{"columnName":"ID","visible":false,"editable":false},{"columnName":"DEPT_CODE","editable":true},{"columnName":"DEPT_NAME","editable":true},{"columnName":"PARENT_ID","editable":true},{"columnName":"SORT_ORDER","editable":true}]', 0, 0, SYSTIMESTAMP, SYSTIMESTAMP, 'system');

-- Lookup配置已统一放在 09_Lookup配置.sql 中
