-- ============================================================
-- 用户角色部门元数据初始化
-- ============================================================

-- 表元数据
INSERT INTO T_COST_TABLE_METADATA (ID, TABLE_CODE, TABLE_NAME, QUERY_VIEW, TARGET_TABLE, SEQUENCE_NAME, PK_COLUMN, PARENT_TABLE_CODE, PARENT_FK_COLUMN, AUDIT_ENABLED, DELETED, CREATE_TIME, UPDATE_TIME, CREATE_BY)
VALUES (5, 'CostUser', '用户管理', 'V_COST_USER', 'T_COST_USER', 'SEQ_COST_USER', 'ID', NULL, NULL, 0, 0, SYSTIMESTAMP, SYSTIMESTAMP, 'system');

INSERT INTO T_COST_TABLE_METADATA (ID, TABLE_CODE, TABLE_NAME, QUERY_VIEW, TARGET_TABLE, SEQUENCE_NAME, PK_COLUMN, PARENT_TABLE_CODE, PARENT_FK_COLUMN, AUDIT_ENABLED, DELETED, CREATE_TIME, UPDATE_TIME, CREATE_BY)
VALUES (6, 'CostDepartment', '部门管理', 'T_COST_DEPARTMENT', 'T_COST_DEPARTMENT', 'SEQ_COST_DEPARTMENT', 'ID', NULL, NULL, 0, 0, SYSTIMESTAMP, SYSTIMESTAMP, 'system');

-- 用户列元数据
INSERT INTO T_COST_COLUMN_METADATA (ID, TABLE_METADATA_ID, FIELD_NAME, COLUMN_NAME, HEADER_TEXT, DATA_TYPE, DISPLAY_ORDER, SORTABLE, FILTERABLE, IS_VIRTUAL, DELETED, CREATE_TIME, UPDATE_TIME, CREATE_BY)
VALUES (27, 5, 'id', 'ID', 'ID', 'number', 1, 1, 1, 0, 0, SYSTIMESTAMP, SYSTIMESTAMP, 'system');
INSERT INTO T_COST_COLUMN_METADATA (ID, TABLE_METADATA_ID, FIELD_NAME, COLUMN_NAME, HEADER_TEXT, DATA_TYPE, DISPLAY_ORDER, SORTABLE, FILTERABLE, IS_VIRTUAL, DELETED, CREATE_TIME, UPDATE_TIME, CREATE_BY)
VALUES (28, 5, 'username', 'USERNAME', '用户名', 'text', 2, 1, 1, 0, 0, SYSTIMESTAMP, SYSTIMESTAMP, 'system');
INSERT INTO T_COST_COLUMN_METADATA (ID, TABLE_METADATA_ID, FIELD_NAME, COLUMN_NAME, HEADER_TEXT, DATA_TYPE, DISPLAY_ORDER, SORTABLE, FILTERABLE, IS_VIRTUAL, DELETED, CREATE_TIME, UPDATE_TIME, CREATE_BY)
VALUES (29, 5, 'realName', 'REAL_NAME', '真实姓名', 'text', 3, 1, 1, 0, 0, SYSTIMESTAMP, SYSTIMESTAMP, 'system');
INSERT INTO T_COST_COLUMN_METADATA (ID, TABLE_METADATA_ID, FIELD_NAME, COLUMN_NAME, HEADER_TEXT, DATA_TYPE, DISPLAY_ORDER, SORTABLE, FILTERABLE, IS_VIRTUAL, DELETED, CREATE_TIME, UPDATE_TIME, CREATE_BY)
VALUES (30, 5, 'email', 'EMAIL', '邮箱', 'text', 4, 1, 1, 0, 0, SYSTIMESTAMP, SYSTIMESTAMP, 'system');
INSERT INTO T_COST_COLUMN_METADATA (ID, TABLE_METADATA_ID, FIELD_NAME, COLUMN_NAME, HEADER_TEXT, DATA_TYPE, DISPLAY_ORDER, SORTABLE, FILTERABLE, IS_VIRTUAL, DELETED, CREATE_TIME, UPDATE_TIME, CREATE_BY)
VALUES (31, 5, 'phone', 'PHONE', '电话', 'text', 5, 1, 1, 0, 0, SYSTIMESTAMP, SYSTIMESTAMP, 'system');
INSERT INTO T_COST_COLUMN_METADATA (ID, TABLE_METADATA_ID, FIELD_NAME, COLUMN_NAME, HEADER_TEXT, DATA_TYPE, DISPLAY_ORDER, SORTABLE, FILTERABLE, IS_VIRTUAL, DELETED, CREATE_TIME, UPDATE_TIME, CREATE_BY)
VALUES (32, 5, 'departmentId', 'DEPARTMENT_ID', '部门ID', 'number', 6, 1, 1, 0, 0, SYSTIMESTAMP, SYSTIMESTAMP, 'system');
INSERT INTO T_COST_COLUMN_METADATA (ID, TABLE_METADATA_ID, FIELD_NAME, COLUMN_NAME, HEADER_TEXT, DATA_TYPE, DISPLAY_ORDER, SORTABLE, FILTERABLE, IS_VIRTUAL, DELETED, CREATE_TIME, UPDATE_TIME, CREATE_BY)
VALUES (33, 5, 'deptName', 'DEPT_NAME', '部门名称', 'text', 7, 1, 1, 1, 0, SYSTIMESTAMP, SYSTIMESTAMP, 'system');
INSERT INTO T_COST_COLUMN_METADATA (ID, TABLE_METADATA_ID, FIELD_NAME, COLUMN_NAME, HEADER_TEXT, DATA_TYPE, DISPLAY_ORDER, SORTABLE, FILTERABLE, IS_VIRTUAL, DELETED, CREATE_TIME, UPDATE_TIME, CREATE_BY)
VALUES (34, 5, 'status', 'STATUS', '状态', 'number', 8, 1, 1, 0, 0, SYSTIMESTAMP, SYSTIMESTAMP, 'system');

-- 部门列元数据
INSERT INTO T_COST_COLUMN_METADATA (ID, TABLE_METADATA_ID, FIELD_NAME, COLUMN_NAME, HEADER_TEXT, DATA_TYPE, DISPLAY_ORDER, SORTABLE, FILTERABLE, IS_VIRTUAL, DELETED, CREATE_TIME, UPDATE_TIME, CREATE_BY)
VALUES (35, 6, 'id', 'ID', 'ID', 'number', 1, 1, 1, 0, 0, SYSTIMESTAMP, SYSTIMESTAMP, 'system');
INSERT INTO T_COST_COLUMN_METADATA (ID, TABLE_METADATA_ID, FIELD_NAME, COLUMN_NAME, HEADER_TEXT, DATA_TYPE, DISPLAY_ORDER, SORTABLE, FILTERABLE, IS_VIRTUAL, DELETED, CREATE_TIME, UPDATE_TIME, CREATE_BY)
VALUES (36, 6, 'deptCode', 'DEPT_CODE', '部门编码', 'text', 2, 1, 1, 0, 0, SYSTIMESTAMP, SYSTIMESTAMP, 'system');
INSERT INTO T_COST_COLUMN_METADATA (ID, TABLE_METADATA_ID, FIELD_NAME, COLUMN_NAME, HEADER_TEXT, DATA_TYPE, DISPLAY_ORDER, SORTABLE, FILTERABLE, IS_VIRTUAL, DELETED, CREATE_TIME, UPDATE_TIME, CREATE_BY)
VALUES (37, 6, 'deptName', 'DEPT_NAME', '部门名称', 'text', 3, 1, 1, 0, 0, SYSTIMESTAMP, SYSTIMESTAMP, 'system');
INSERT INTO T_COST_COLUMN_METADATA (ID, TABLE_METADATA_ID, FIELD_NAME, COLUMN_NAME, HEADER_TEXT, DATA_TYPE, DISPLAY_ORDER, SORTABLE, FILTERABLE, IS_VIRTUAL, DELETED, CREATE_TIME, UPDATE_TIME, CREATE_BY)
VALUES (38, 6, 'parentId', 'PARENT_ID', '上级部门ID', 'number', 4, 1, 1, 0, 0, SYSTIMESTAMP, SYSTIMESTAMP, 'system');
INSERT INTO T_COST_COLUMN_METADATA (ID, TABLE_METADATA_ID, FIELD_NAME, COLUMN_NAME, HEADER_TEXT, DATA_TYPE, DISPLAY_ORDER, SORTABLE, FILTERABLE, IS_VIRTUAL, DELETED, CREATE_TIME, UPDATE_TIME, CREATE_BY)
VALUES (39, 6, 'sortOrder', 'SORT_ORDER', '排序', 'number', 5, 1, 1, 0, 0, SYSTIMESTAMP, SYSTIMESTAMP, 'system');

-- 页面组件
INSERT INTO T_COST_PAGE_COMPONENT (ID, PAGE_CODE, COMPONENT_KEY, COMPONENT_TYPE, PARENT_KEY, COMPONENT_CONFIG, REF_TABLE_CODE, SORT_ORDER, DELETED, DESCRIPTION, CREATE_TIME, UPDATE_TIME, CREATE_BY)
VALUES (5, 'user-manage', 'masterGrid', 'GRID', NULL, '{"buttons":[{"action":"addRow","label":"新增"},{"action":"deleteRow","label":"删除","requiresRow":true},{"action":"resetPassword","label":"初始化密码","position":"toolbar","requiresRow":true,"method":"userService.resetPassword"},{"action":"save","label":"保存"}]}', 'CostUser', 0, 0, NULL, SYSTIMESTAMP, SYSTIMESTAMP, 'system');

INSERT INTO T_COST_PAGE_COMPONENT (ID, PAGE_CODE, COMPONENT_KEY, COMPONENT_TYPE, PARENT_KEY, COMPONENT_CONFIG, REF_TABLE_CODE, SORT_ORDER, DELETED, DESCRIPTION, CREATE_TIME, UPDATE_TIME, CREATE_BY)
VALUES (6, 'dept-manage', 'masterGrid', 'GRID', NULL, '{"buttons":[{"action":"addRow","label":"新增"},{"action":"deleteRow","label":"删除","requiresRow":true},{"action":"save","label":"保存"}]}', 'CostDepartment', 0, 0, NULL, SYSTIMESTAMP, SYSTIMESTAMP, 'system');

-- 页面规则
INSERT INTO T_COST_PAGE_RULE (ID, PAGE_CODE, COMPONENT_KEY, RULE_TYPE, RULES, SORT_ORDER, DELETED, CREATE_TIME, UPDATE_TIME, CREATE_BY)
VALUES (11, 'user-manage', 'masterGrid', 'COLUMN_OVERRIDE', '[{"field":"id","visible":false,"editable":false},{"field":"username","editable":true},{"field":"realName","editable":true},{"field":"email","editable":true},{"field":"phone","editable":true},{"field":"departmentId","visible":false,"editable":false},{"field":"deptName","editable":false},{"field":"status","editable":true}]', 0, 0, SYSTIMESTAMP, SYSTIMESTAMP, 'system');

INSERT INTO T_COST_PAGE_RULE (ID, PAGE_CODE, COMPONENT_KEY, RULE_TYPE, RULES, SORT_ORDER, DELETED, CREATE_TIME, UPDATE_TIME, CREATE_BY)
VALUES (12, 'user-manage', 'masterGrid', 'LOOKUP', '[{"field":"deptName","lookupCode":"department","mapping":{"departmentId":"id","deptName":"deptName"}}]', 0, 0, SYSTIMESTAMP, SYSTIMESTAMP, 'system');

INSERT INTO T_COST_PAGE_RULE (ID, PAGE_CODE, COMPONENT_KEY, RULE_TYPE, RULES, SORT_ORDER, DELETED, CREATE_TIME, UPDATE_TIME, CREATE_BY)
VALUES (14, 'dept-manage', 'masterGrid', 'COLUMN_OVERRIDE', '[{"field":"id","visible":false,"editable":false},{"field":"deptCode","editable":true},{"field":"deptName","editable":true},{"field":"parentId","editable":true},{"field":"sortOrder","editable":true}]', 0, 0, SYSTIMESTAMP, SYSTIMESTAMP, 'system');

-- Lookup配置已统一放在 09_Lookup配置.sql 中
