-- ============================================================
-- 产品信息维护元数据初始化
-- ============================================================

-- 表元数据
INSERT INTO T_COST_TABLE_METADATA (ID, TABLE_CODE, TABLE_NAME, QUERY_VIEW, TARGET_TABLE, SEQUENCE_NAME, PK_COLUMN, PARENT_TABLE_CODE, PARENT_FK_COLUMN, AUDIT_ENABLED, DELETED, CREATE_TIME, UPDATE_TIME, CREATE_BY)
VALUES (131, 'CostGoods', '产品信息维护', 'T_COST_GOODS_V', 'T_COST_GOODS', 'SEQ_COST_GOODS', 'GOODSID', NULL, NULL, 0, 0, SYSTIMESTAMP, SYSTIMESTAMP, 'system');

INSERT INTO T_COST_TABLE_METADATA (ID, TABLE_CODE, TABLE_NAME, QUERY_VIEW, TARGET_TABLE, SEQUENCE_NAME, PK_COLUMN, PARENT_TABLE_CODE, PARENT_FK_COLUMN, AUDIT_ENABLED, DELETED, CREATE_TIME, UPDATE_TIME, CREATE_BY)
VALUES (124, 'CostGoodsLookup', '产品选择', 'V_COST_GOODS_LOOKUP', 'T_COST_GOODS', NULL, 'GOODSID', NULL, NULL, 0, 0, SYSTIMESTAMP, SYSTIMESTAMP, 'system');

INSERT INTO T_COST_TABLE_METADATA (ID, TABLE_CODE, TABLE_NAME, QUERY_VIEW, TARGET_TABLE, SEQUENCE_NAME, PK_COLUMN, PARENT_TABLE_CODE, PARENT_FK_COLUMN, AUDIT_ENABLED, DELETED, CREATE_TIME, UPDATE_TIME, CREATE_BY)
VALUES (129, 'CostGoodsByApex', '产品选择(按物料)', 'V_COST_GOODS_BY_APEX', 'V_COST_GOODS_BY_APEX', NULL, 'GOODSID', NULL, NULL, 0, 0, SYSTIMESTAMP, SYSTIMESTAMP, 'system');

-- 产品列元数据
INSERT INTO T_COST_COLUMN_METADATA (ID, TABLE_METADATA_ID, FIELD_NAME, COLUMN_NAME, HEADER_TEXT, DATA_TYPE, DISPLAY_ORDER, SORTABLE, FILTERABLE, IS_VIRTUAL, DELETED, CREATE_TIME, UPDATE_TIME, CREATE_BY, TABLE_CODE)
VALUES (1414, 131, 'id', 'GOODSID', '产品ID', 'number', 0, 1, 1, 0, 0, SYSTIMESTAMP, SYSTIMESTAMP, 'system', 'CostGoods');
INSERT INTO T_COST_COLUMN_METADATA (ID, TABLE_METADATA_ID, FIELD_NAME, COLUMN_NAME, HEADER_TEXT, DATA_TYPE, DISPLAY_ORDER, SORTABLE, FILTERABLE, IS_VIRTUAL, DELETED, CREATE_TIME, UPDATE_TIME, CREATE_BY, TABLE_CODE)
VALUES (1415, 131, 'goodsno', 'GOODSNO', '华益代码', 'text', 1, 1, 1, 0, 0, SYSTIMESTAMP, SYSTIMESTAMP, 'system', 'CostGoods');
INSERT INTO T_COST_COLUMN_METADATA (ID, TABLE_METADATA_ID, FIELD_NAME, COLUMN_NAME, HEADER_TEXT, DATA_TYPE, DISPLAY_ORDER, SORTABLE, FILTERABLE, IS_VIRTUAL, DELETED, CREATE_TIME, UPDATE_TIME, CREATE_BY, TABLE_CODE)
VALUES (1416, 131, 'goodsname', 'GOODSNAME', '产品名称', 'text', 2, 1, 1, 0, 0, SYSTIMESTAMP, SYSTIMESTAMP, 'system', 'CostGoods');
INSERT INTO T_COST_COLUMN_METADATA (ID, TABLE_METADATA_ID, FIELD_NAME, COLUMN_NAME, HEADER_TEXT, DATA_TYPE, DISPLAY_ORDER, SORTABLE, FILTERABLE, IS_VIRTUAL, DELETED, CREATE_TIME, UPDATE_TIME, CREATE_BY, TABLE_CODE)
VALUES (1417, 131, 'goodstype', 'GOODSTYPE', '规格', 'text', 3, 1, 1, 0, 0, SYSTIMESTAMP, SYSTIMESTAMP, 'system', 'CostGoods');
INSERT INTO T_COST_COLUMN_METADATA (ID, TABLE_METADATA_ID, FIELD_NAME, COLUMN_NAME, HEADER_TEXT, DATA_TYPE, DISPLAY_ORDER, SORTABLE, FILTERABLE, IS_VIRTUAL, DELETED, CREATE_TIME, UPDATE_TIME, CREATE_BY, TABLE_CODE)
VALUES (1418, 131, 'packtype', 'PACKTYPE', '包装规格', 'text', 4, 1, 1, 0, 0, SYSTIMESTAMP, SYSTIMESTAMP, 'system', 'CostGoods');
INSERT INTO T_COST_COLUMN_METADATA (ID, TABLE_METADATA_ID, FIELD_NAME, COLUMN_NAME, HEADER_TEXT, DATA_TYPE, DISPLAY_ORDER, SORTABLE, FILTERABLE, IS_VIRTUAL, DELETED, CREATE_TIME, UPDATE_TIME, CREATE_BY, TABLE_CODE)
VALUES (1419, 131, 'tranposid', 'TRANPOSID', '分销商ID', 'number', 5, 1, 1, 0, 0, SYSTIMESTAMP, SYSTIMESTAMP, 'system', 'CostGoods');
INSERT INTO T_COST_COLUMN_METADATA (ID, TABLE_METADATA_ID, FIELD_NAME, COLUMN_NAME, HEADER_TEXT, DATA_TYPE, DISPLAY_ORDER, SORTABLE, FILTERABLE, IS_VIRTUAL, DELETED, CREATE_TIME, UPDATE_TIME, CREATE_BY, TABLE_CODE)
VALUES (1420, 131, 'tranposname', 'TRANPOSNAME', '分销商', 'text', 6, 1, 1, 1, 0, SYSTIMESTAMP, SYSTIMESTAMP, 'system', 'CostGoods');
INSERT INTO T_COST_COLUMN_METADATA (ID, TABLE_METADATA_ID, FIELD_NAME, COLUMN_NAME, HEADER_TEXT, DATA_TYPE, DISPLAY_ORDER, SORTABLE, FILTERABLE, IS_VIRTUAL, DELETED, CREATE_TIME, UPDATE_TIME, CREATE_BY, TABLE_CODE)
VALUES (1421, 131, 'zxCustomerid', 'ZX_CUSTOMERID', '客户ID', 'number', 7, 1, 1, 0, 0, SYSTIMESTAMP, SYSTIMESTAMP, 'system', 'CostGoods');
INSERT INTO T_COST_COLUMN_METADATA (ID, TABLE_METADATA_ID, FIELD_NAME, COLUMN_NAME, HEADER_TEXT, DATA_TYPE, DISPLAY_ORDER, SORTABLE, FILTERABLE, IS_VIRTUAL, DELETED, CREATE_TIME, UPDATE_TIME, CREATE_BY, TABLE_CODE)
VALUES (1422, 131, 'customname', 'CUSTOMNAME', '客户名称', 'text', 8, 1, 1, 1, 0, SYSTIMESTAMP, SYSTIMESTAMP, 'system', 'CostGoods');
INSERT INTO T_COST_COLUMN_METADATA (ID, TABLE_METADATA_ID, FIELD_NAME, COLUMN_NAME, HEADER_TEXT, DATA_TYPE, DISPLAY_ORDER, SORTABLE, FILTERABLE, IS_VIRTUAL, DELETED, CREATE_TIME, UPDATE_TIME, CREATE_BY, TABLE_CODE)
VALUES (1423, 131, 'zone', 'ZONE', '国家', 'text', 9, 1, 1, 1, 0, SYSTIMESTAMP, SYSTIMESTAMP, 'system', 'CostGoods');
INSERT INTO T_COST_COLUMN_METADATA (ID, TABLE_METADATA_ID, FIELD_NAME, COLUMN_NAME, HEADER_TEXT, DATA_TYPE, DISPLAY_ORDER, SORTABLE, FILTERABLE, IS_VIRTUAL, DELETED, CREATE_TIME, UPDATE_TIME, CREATE_BY, TABLE_CODE)
VALUES (1424, 131, 'iserp', 'ISERP', '是否ERP', 'number', 98, 1, 1, 1, 0, SYSTIMESTAMP, SYSTIMESTAMP, 'system', 'CostGoods');
INSERT INTO T_COST_COLUMN_METADATA (ID, TABLE_METADATA_ID, FIELD_NAME, COLUMN_NAME, HEADER_TEXT, DATA_TYPE, DISPLAY_ORDER, SORTABLE, FILTERABLE, IS_VIRTUAL, DELETED, CREATE_TIME, UPDATE_TIME, CREATE_BY, TABLE_CODE)
VALUES (1425, 131, 'createBy', 'CREATE_BY', '创建人', 'text', 99, 1, 1, 0, 0, SYSTIMESTAMP, SYSTIMESTAMP, 'system', 'CostGoods');

-- 产品Lookup列元数据
INSERT INTO T_COST_COLUMN_METADATA (ID, TABLE_METADATA_ID, FIELD_NAME, COLUMN_NAME, HEADER_TEXT, DATA_TYPE, DISPLAY_ORDER, SORTABLE, FILTERABLE, IS_VIRTUAL, DELETED, CREATE_TIME, UPDATE_TIME, CREATE_BY, TABLE_CODE)
VALUES (1365, 124, 'goodsid', 'GOODSID', '产品ID', 'number', 0, 1, 1, 0, 0, SYSTIMESTAMP, SYSTIMESTAMP, 'system', 'CostGoodsLookup');
INSERT INTO T_COST_COLUMN_METADATA (ID, TABLE_METADATA_ID, FIELD_NAME, COLUMN_NAME, HEADER_TEXT, DATA_TYPE, DISPLAY_ORDER, SORTABLE, FILTERABLE, IS_VIRTUAL, DELETED, CREATE_TIME, UPDATE_TIME, CREATE_BY, TABLE_CODE)
VALUES (1366, 124, 'goodsname', 'GOODSNAME', '产品名称', 'text', 1, 1, 1, 0, 0, SYSTIMESTAMP, SYSTIMESTAMP, 'system', 'CostGoodsLookup');
INSERT INTO T_COST_COLUMN_METADATA (ID, TABLE_METADATA_ID, FIELD_NAME, COLUMN_NAME, HEADER_TEXT, DATA_TYPE, DISPLAY_ORDER, SORTABLE, FILTERABLE, IS_VIRTUAL, DELETED, CREATE_TIME, UPDATE_TIME, CREATE_BY, TABLE_CODE)
VALUES (1367, 124, 'maNo', 'MA_NO', '批准文号', 'text', 2, 1, 1, 0, 0, SYSTIMESTAMP, SYSTIMESTAMP, 'system', 'CostGoodsLookup');
INSERT INTO T_COST_COLUMN_METADATA (ID, TABLE_METADATA_ID, FIELD_NAME, COLUMN_NAME, HEADER_TEXT, DATA_TYPE, DISPLAY_ORDER, SORTABLE, FILTERABLE, IS_VIRTUAL, DELETED, CREATE_TIME, UPDATE_TIME, CREATE_BY, TABLE_CODE)
VALUES (1368, 124, 'apexPl', 'APEX_PL', '批量', 'number', 3, 1, 1, 0, 0, SYSTIMESTAMP, SYSTIMESTAMP, 'system', 'CostGoodsLookup');
INSERT INTO T_COST_COLUMN_METADATA (ID, TABLE_METADATA_ID, FIELD_NAME, COLUMN_NAME, HEADER_TEXT, DATA_TYPE, DISPLAY_ORDER, SORTABLE, FILTERABLE, IS_VIRTUAL, DELETED, CREATE_TIME, UPDATE_TIME, CREATE_BY, TABLE_CODE)
VALUES (1369, 124, 'mah', 'MAH', '持证商', 'text', 4, 1, 1, 0, 0, SYSTIMESTAMP, SYSTIMESTAMP, 'system', 'CostGoodsLookup');
INSERT INTO T_COST_COLUMN_METADATA (ID, TABLE_METADATA_ID, FIELD_NAME, COLUMN_NAME, HEADER_TEXT, DATA_TYPE, DISPLAY_ORDER, SORTABLE, FILTERABLE, IS_VIRTUAL, DELETED, CREATE_TIME, UPDATE_TIME, CREATE_BY, TABLE_CODE)
VALUES (1370, 124, 'pPerpack', 'P_PERPACK', '每盒片数', 'number', 5, 1, 1, 0, 0, SYSTIMESTAMP, SYSTIMESTAMP, 'system', 'CostGoodsLookup');
INSERT INTO T_COST_COLUMN_METADATA (ID, TABLE_METADATA_ID, FIELD_NAME, COLUMN_NAME, HEADER_TEXT, DATA_TYPE, DISPLAY_ORDER, SORTABLE, FILTERABLE, IS_VIRTUAL, DELETED, CREATE_TIME, UPDATE_TIME, CREATE_BY, TABLE_CODE)
VALUES (1371, 124, 'sPerback', 'S_PERBACK', '每箱装盒数', 'number', 6, 1, 1, 0, 0, SYSTIMESTAMP, SYSTIMESTAMP, 'system', 'CostGoodsLookup');
INSERT INTO T_COST_COLUMN_METADATA (ID, TABLE_METADATA_ID, FIELD_NAME, COLUMN_NAME, HEADER_TEXT, DATA_TYPE, DISPLAY_ORDER, SORTABLE, FILTERABLE, IS_VIRTUAL, DELETED, CREATE_TIME, UPDATE_TIME, CREATE_BY, TABLE_CODE)
VALUES (1372, 124, 'customid', 'CUSTOMID', '客户ID', 'number', 7, 1, 1, 0, 0, SYSTIMESTAMP, SYSTIMESTAMP, 'system', 'CostGoodsLookup');
INSERT INTO T_COST_COLUMN_METADATA (ID, TABLE_METADATA_ID, FIELD_NAME, COLUMN_NAME, HEADER_TEXT, DATA_TYPE, DISPLAY_ORDER, SORTABLE, FILTERABLE, IS_VIRTUAL, DELETED, CREATE_TIME, UPDATE_TIME, CREATE_BY, TABLE_CODE)
VALUES (1373, 124, 'customname', 'CUSTOMNAME', '客户名称', 'text', 8, 1, 1, 0, 0, SYSTIMESTAMP, SYSTIMESTAMP, 'system', 'CostGoodsLookup');
INSERT INTO T_COST_COLUMN_METADATA (ID, TABLE_METADATA_ID, FIELD_NAME, COLUMN_NAME, HEADER_TEXT, DATA_TYPE, DISPLAY_ORDER, SORTABLE, FILTERABLE, IS_VIRTUAL, DELETED, CREATE_TIME, UPDATE_TIME, CREATE_BY, TABLE_CODE)
VALUES (1374, 124, 'memo', 'MEMO', 'BOM状态', 'text', 9, 1, 1, 0, 0, SYSTIMESTAMP, SYSTIMESTAMP, 'system', 'CostGoodsLookup');
INSERT INTO T_COST_COLUMN_METADATA (ID, TABLE_METADATA_ID, FIELD_NAME, COLUMN_NAME, HEADER_TEXT, DATA_TYPE, DISPLAY_ORDER, SORTABLE, FILTERABLE, IS_VIRTUAL, DELETED, CREATE_TIME, UPDATE_TIME, CREATE_BY, TABLE_CODE)
VALUES (1375, 124, 'strength', 'STRENGTH', '剂量', 'text', 10, 1, 1, 0, 0, SYSTIMESTAMP, SYSTIMESTAMP, 'system', 'CostGoodsLookup');
INSERT INTO T_COST_COLUMN_METADATA (ID, TABLE_METADATA_ID, FIELD_NAME, COLUMN_NAME, HEADER_TEXT, DATA_TYPE, DISPLAY_ORDER, SORTABLE, FILTERABLE, IS_VIRTUAL, DELETED, CREATE_TIME, UPDATE_TIME, CREATE_BY, TABLE_CODE)
VALUES (1376, 124, 'livery', 'LIVERY', '分销商', 'text', 11, 1, 1, 0, 0, SYSTIMESTAMP, SYSTIMESTAMP, 'system', 'CostGoodsLookup');

-- 页面组件
INSERT INTO T_COST_PAGE_COMPONENT (ID, PAGE_CODE, COMPONENT_KEY, COMPONENT_TYPE, PARENT_KEY, COMPONENT_CONFIG, REF_TABLE_CODE, SORT_ORDER, DELETED, CREATE_TIME, UPDATE_TIME, CREATE_BY)
VALUES (123, 'goods-manage', 'root', 'LAYOUT', NULL, '{"direction":"vertical"}', NULL, 0, 0, SYSTIMESTAMP, SYSTIMESTAMP, 'system');
INSERT INTO T_COST_PAGE_COMPONENT (ID, PAGE_CODE, COMPONENT_KEY, COMPONENT_TYPE, PARENT_KEY, COMPONENT_CONFIG, REF_TABLE_CODE, SORT_ORDER, DELETED, CREATE_TIME, UPDATE_TIME, CREATE_BY)
VALUES (124, 'goods-manage', 'grid', 'GRID', 'root', '{"height":"100%","buttons":[{"action":"addRow","label":"新增"},{"action":"copyRow","label":"复制","requiresRow":true},{"action":"deleteRow","label":"删除","requiresRow":true},{"action":"saveGridConfig","label":"保存列配置"},{"label":"导出","items":[{"action":"exportSelected","label":"导出选中","requiresSelection":true},{"action":"exportCurrent","label":"导出当前页"},{"action":"exportAll","label":"导出全部"},{"action":"resetExportConfig","label":"重置导出配置"},{"action":"openHeaderConfig","label":"配置导出表头"}]},{"action":"save","label":"保存"},{"action":"clipboard.copy","label":"复制"},{"action":"clipboard.paste","label":"粘贴"}]}', 'CostGoods', 1, 0, SYSTIMESTAMP, SYSTIMESTAMP, 'system');

-- 页面规则
INSERT INTO T_COST_PAGE_RULE (ID, PAGE_CODE, COMPONENT_KEY, RULE_TYPE, RULES, SORT_ORDER, DELETED, CREATE_TIME, UPDATE_TIME, CREATE_BY)
VALUES (513, 'goods-manage', 'grid', 'COLUMN_OVERRIDE', '[{"field":"id","visible":true,"editable":false},{"field":"goodsno","width":null,"editable":false,"searchable":true},{"field":"goodsname","width":null,"editable":true,"searchable":true},{"field":"goodstype","width":null,"editable":true,"searchable":true},{"field":"packtype","width":null,"editable":true},{"field":"tranposid","width":null,"editable":true},{"field":"tranposname","width":null,"editable":false},{"field":"zxCustomerid","width":null,"editable":true},{"field":"customname","width":null,"editable":false},{"field":"zone","width":null,"editable":false},{"field":"iserp","visible":false},{"field":"createBy","visible":false}]', 0, 0, SYSTIMESTAMP, SYSTIMESTAMP, 'system');
INSERT INTO T_COST_PAGE_RULE (ID, PAGE_CODE, COMPONENT_KEY, RULE_TYPE, RULES, SORT_ORDER, DELETED, CREATE_TIME, UPDATE_TIME, CREATE_BY)
VALUES (514, 'goods-manage', 'grid', 'LOOKUP', '[{"field":"zxCustomerid","lookupCode":"costCustomer","mapping":{"zxCustomerid":"customid","customname":"customname","zone":"country","tranposid":"tranposid","tranposname":"livery"}}]', 0, 0, SYSTIMESTAMP, SYSTIMESTAMP, 'system');
INSERT INTO T_COST_PAGE_RULE (ID, PAGE_CODE, COMPONENT_KEY, RULE_TYPE, RULES, SORT_ORDER, DELETED, CREATE_TIME, UPDATE_TIME, CREATE_BY)
VALUES (516, 'goods-manage', 'grid', 'ROW_CLASS', '[{"field":"iserp","operator":"eq","value":1,"className":"row-confirmed"}]', 0, 0, SYSTIMESTAMP, SYSTIMESTAMP, 'system');
INSERT INTO T_COST_PAGE_RULE (ID, PAGE_CODE, COMPONENT_KEY, RULE_TYPE, RULES, SORT_ORDER, DELETED, CREATE_TIME, UPDATE_TIME, CREATE_BY)
VALUES (517, 'goods-manage', 'grid', 'ROW_EDITABLE', '[{"field":"iserp","operator":"ne","value":1}]', 0, 0, SYSTIMESTAMP, SYSTIMESTAMP, 'system');

-- Lookup配置已统一放在 09_Lookup配置.sql 中


-- ============================================================
-- 列元数据 - CostGoodsByApex (产品选择按物料)
-- ============================================================
INSERT INTO T_COST_COLUMN_METADATA (ID, TABLE_METADATA_ID, FIELD_NAME, COLUMN_NAME, HEADER_TEXT, DATA_TYPE, DISPLAY_ORDER, SORTABLE, FILTERABLE, IS_VIRTUAL, DELETED, CREATE_TIME, UPDATE_TIME, CREATE_BY, TABLE_CODE)
VALUES (1393, 129, 'pGoodsid', 'P_GOODSID', '产品ID', 'number', 0, 1, 1, 0, 0, SYSTIMESTAMP, SYSTIMESTAMP, 'system', 'CostGoodsByApex');
INSERT INTO T_COST_COLUMN_METADATA (ID, TABLE_METADATA_ID, FIELD_NAME, COLUMN_NAME, HEADER_TEXT, DATA_TYPE, DISPLAY_ORDER, SORTABLE, FILTERABLE, IS_VIRTUAL, DELETED, CREATE_TIME, UPDATE_TIME, CREATE_BY, TABLE_CODE)
VALUES (1394, 129, 'goodsname', 'GOODSNAME', '产品名称', 'text', 1, 1, 1, 0, 0, SYSTIMESTAMP, SYSTIMESTAMP, 'system', 'CostGoodsByApex');
INSERT INTO T_COST_COLUMN_METADATA (ID, TABLE_METADATA_ID, FIELD_NAME, COLUMN_NAME, HEADER_TEXT, DATA_TYPE, DISPLAY_ORDER, SORTABLE, FILTERABLE, IS_VIRTUAL, DELETED, CREATE_TIME, UPDATE_TIME, CREATE_BY, TABLE_CODE)
VALUES (1395, 129, 'goodstype', 'GOODSTYPE', '规格', 'text', 2, 1, 1, 0, 0, SYSTIMESTAMP, SYSTIMESTAMP, 'system', 'CostGoodsByApex');
INSERT INTO T_COST_COLUMN_METADATA (ID, TABLE_METADATA_ID, FIELD_NAME, COLUMN_NAME, HEADER_TEXT, DATA_TYPE, DISPLAY_ORDER, SORTABLE, FILTERABLE, IS_VIRTUAL, DELETED, CREATE_TIME, UPDATE_TIME, CREATE_BY, TABLE_CODE)
VALUES (1396, 129, 'packtype', 'PACKTYPE', '包装规格', 'text', 3, 1, 1, 0, 0, SYSTIMESTAMP, SYSTIMESTAMP, 'system', 'CostGoodsByApex');
INSERT INTO T_COST_COLUMN_METADATA (ID, TABLE_METADATA_ID, FIELD_NAME, COLUMN_NAME, HEADER_TEXT, DATA_TYPE, DISPLAY_ORDER, SORTABLE, FILTERABLE, IS_VIRTUAL, DELETED, CREATE_TIME, UPDATE_TIME, CREATE_BY, TABLE_CODE)
VALUES (1397, 129, 'tranposid', 'TRANPOSID', '分销商ID', 'number', 4, 1, 1, 0, 0, SYSTIMESTAMP, SYSTIMESTAMP, 'system', 'CostGoodsByApex');
INSERT INTO T_COST_COLUMN_METADATA (ID, TABLE_METADATA_ID, FIELD_NAME, COLUMN_NAME, HEADER_TEXT, DATA_TYPE, DISPLAY_ORDER, SORTABLE, FILTERABLE, IS_VIRTUAL, DELETED, CREATE_TIME, UPDATE_TIME, CREATE_BY, TABLE_CODE)
VALUES (1398, 129, 'tranposname', 'TRANPOSNAME', '分销商', 'text', 5, 1, 1, 0, 0, SYSTIMESTAMP, SYSTIMESTAMP, 'system', 'CostGoodsByApex');
INSERT INTO T_COST_COLUMN_METADATA (ID, TABLE_METADATA_ID, FIELD_NAME, COLUMN_NAME, HEADER_TEXT, DATA_TYPE, DISPLAY_ORDER, SORTABLE, FILTERABLE, IS_VIRTUAL, DELETED, CREATE_TIME, UPDATE_TIME, CREATE_BY, TABLE_CODE)
VALUES (1399, 129, 'zxCustomerid', 'ZX_CUSTOMERID', '客户ID', 'number', 6, 1, 1, 0, 0, SYSTIMESTAMP, SYSTIMESTAMP, 'system', 'CostGoodsByApex');
INSERT INTO T_COST_COLUMN_METADATA (ID, TABLE_METADATA_ID, FIELD_NAME, COLUMN_NAME, HEADER_TEXT, DATA_TYPE, DISPLAY_ORDER, SORTABLE, FILTERABLE, IS_VIRTUAL, DELETED, CREATE_TIME, UPDATE_TIME, CREATE_BY, TABLE_CODE)
VALUES (1400, 129, 'customname', 'CUSTOMNAME', '客户名称', 'text', 7, 1, 1, 0, 0, SYSTIMESTAMP, SYSTIMESTAMP, 'system', 'CostGoodsByApex');
INSERT INTO T_COST_COLUMN_METADATA (ID, TABLE_METADATA_ID, FIELD_NAME, COLUMN_NAME, HEADER_TEXT, DATA_TYPE, DISPLAY_ORDER, SORTABLE, FILTERABLE, IS_VIRTUAL, DELETED, CREATE_TIME, UPDATE_TIME, CREATE_BY, TABLE_CODE)
VALUES (1401, 129, 'zone', 'ZONE', '国家', 'text', 8, 1, 1, 0, 0, SYSTIMESTAMP, SYSTIMESTAMP, 'system', 'CostGoodsByApex');
INSERT INTO T_COST_COLUMN_METADATA (ID, TABLE_METADATA_ID, FIELD_NAME, COLUMN_NAME, HEADER_TEXT, DATA_TYPE, DISPLAY_ORDER, SORTABLE, FILTERABLE, IS_VIRTUAL, DELETED, CREATE_TIME, UPDATE_TIME, CREATE_BY, TABLE_CODE)
VALUES (1402, 129, 'goodsid', 'GOODSID', '物料ID', 'number', 9, 1, 1, 0, 0, SYSTIMESTAMP, SYSTIMESTAMP, 'system', 'CostGoodsByApex');
