-- ============================================================
-- 物料成本核算表元数据初始化
-- 包含: CostPinggu(主表), CostMaterial(原辅料明细), CostPackage(包材明细)
-- ============================================================

-- ============================================================
-- 1. 表元数据
-- ============================================================
INSERT INTO T_COST_TABLE_METADATA (ID, TABLE_CODE, TABLE_NAME, QUERY_VIEW, TARGET_TABLE, SEQUENCE_NAME, PK_COLUMN, PARENT_TABLE_CODE, PARENT_FK_COLUMN, AUDIT_ENABLED, DELETED, CREATE_TIME, UPDATE_TIME, CREATE_BY)
VALUES (121, 'CostPinggu', '物料成本核算表', 'T_COST_PINGGU', 'T_COST_PINGGU', 'SEQ_COST_PINGGU', 'DOCID', NULL, NULL, 0, 0, SYSTIMESTAMP, SYSTIMESTAMP, 'system');

INSERT INTO T_COST_TABLE_METADATA (ID, TABLE_CODE, TABLE_NAME, QUERY_VIEW, TARGET_TABLE, SEQUENCE_NAME, PK_COLUMN, PARENT_TABLE_CODE, PARENT_FK_COLUMN, AUDIT_ENABLED, DELETED, CREATE_TIME, UPDATE_TIME, CREATE_BY)
VALUES (122, 'CostMaterial', '原辅料明细', 'V_COST_PINGGU_MATERIAL', 'T_COST_PINGGU_DTL', 'SEQ_COST_PINGGU_DTL', 'DTLID', 'CostPinggu', 'DOCID', 0, 0, SYSTIMESTAMP, SYSTIMESTAMP, 'system');

INSERT INTO T_COST_TABLE_METADATA (ID, TABLE_CODE, TABLE_NAME, QUERY_VIEW, TARGET_TABLE, SEQUENCE_NAME, PK_COLUMN, PARENT_TABLE_CODE, PARENT_FK_COLUMN, AUDIT_ENABLED, DELETED, CREATE_TIME, UPDATE_TIME, CREATE_BY)
VALUES (123, 'CostPackage', '包材明细', 'V_COST_PINGGU_PACKAGE', 'T_COST_PINGGU_DTL', 'SEQ_COST_PINGGU_DTL', 'DTLID', 'CostPinggu', 'DOCID', 0, 0, SYSTIMESTAMP, SYSTIMESTAMP, 'system');

-- ============================================================
-- 2. 列元数据 - CostPinggu (物料成本核算表主表)
-- ============================================================
INSERT INTO T_COST_COLUMN_METADATA (ID, TABLE_METADATA_ID, COLUMN_NAME, HEADER_TEXT, DATA_TYPE, DISPLAY_ORDER, SORTABLE, FILTERABLE, IS_VIRTUAL, DELETED, CREATE_TIME, UPDATE_TIME, CREATE_BY)
VALUES (1313, 121, 'DOCID', 'ID', 'number', 0, 1, 1, 0, 0, SYSTIMESTAMP, SYSTIMESTAMP, 'system');
INSERT INTO T_COST_COLUMN_METADATA (ID, TABLE_METADATA_ID, COLUMN_NAME, HEADER_TEXT, DATA_TYPE, DISPLAY_ORDER, SORTABLE, FILTERABLE, IS_VIRTUAL, DELETED, CREATE_TIME, UPDATE_TIME, CREATE_BY)
VALUES (1446, 121, 'GOODSID', '产品ID', 'number', 1, 1, 1, 0, 0, SYSTIMESTAMP, SYSTIMESTAMP, 'system');
INSERT INTO T_COST_COLUMN_METADATA (ID, TABLE_METADATA_ID, COLUMN_NAME, HEADER_TEXT, DATA_TYPE, DISPLAY_ORDER, SORTABLE, FILTERABLE, IS_VIRTUAL, DELETED, CREATE_TIME, UPDATE_TIME, CREATE_BY)
VALUES (1314, 121, 'GOODSNAME', '产品名称', 'text', 1, 1, 1, 0, 0, SYSTIMESTAMP, SYSTIMESTAMP, 'system');
INSERT INTO T_COST_COLUMN_METADATA (ID, TABLE_METADATA_ID, COLUMN_NAME, HEADER_TEXT, DATA_TYPE, DISPLAY_ORDER, SORTABLE, FILTERABLE, IS_VIRTUAL, DELETED, CREATE_TIME, UPDATE_TIME, CREATE_BY)
VALUES (1315, 121, 'GOODSNAME_EN', '产品英文名', 'text', 2, 1, 1, 0, 0, SYSTIMESTAMP, SYSTIMESTAMP, 'system');
INSERT INTO T_COST_COLUMN_METADATA (ID, TABLE_METADATA_ID, COLUMN_NAME, HEADER_TEXT, DATA_TYPE, DISPLAY_ORDER, SORTABLE, FILTERABLE, IS_VIRTUAL, DELETED, CREATE_TIME, UPDATE_TIME, CREATE_BY)
VALUES (1316, 121, 'STRENGTH', '剂量', 'text', 3, 1, 1, 0, 0, SYSTIMESTAMP, SYSTIMESTAMP, 'system');
INSERT INTO T_COST_COLUMN_METADATA (ID, TABLE_METADATA_ID, COLUMN_NAME, HEADER_TEXT, DATA_TYPE, DISPLAY_ORDER, SORTABLE, FILTERABLE, IS_VIRTUAL, DELETED, CREATE_TIME, UPDATE_TIME, CREATE_BY)
VALUES (1450, 121, 'CUSTOMID', '客户ID', 'number', 4, 1, 1, 0, 0, SYSTIMESTAMP, SYSTIMESTAMP, 'system');
INSERT INTO T_COST_COLUMN_METADATA (ID, TABLE_METADATA_ID, COLUMN_NAME, HEADER_TEXT, DATA_TYPE, DISPLAY_ORDER, SORTABLE, FILTERABLE, IS_VIRTUAL, DELETED, CREATE_TIME, UPDATE_TIME, CREATE_BY)
VALUES (1317, 121, 'CUSTOMNAME', '客户名称', 'text', 4, 1, 1, 0, 0, SYSTIMESTAMP, SYSTIMESTAMP, 'system');
INSERT INTO T_COST_COLUMN_METADATA (ID, TABLE_METADATA_ID, COLUMN_NAME, HEADER_TEXT, DATA_TYPE, DISPLAY_ORDER, SORTABLE, FILTERABLE, IS_VIRTUAL, DELETED, CREATE_TIME, UPDATE_TIME, CREATE_BY)
VALUES (1318, 121, 'COUNTRY', '国家', 'text', 5, 1, 1, 0, 0, SYSTIMESTAMP, SYSTIMESTAMP, 'system');
INSERT INTO T_COST_COLUMN_METADATA (ID, TABLE_METADATA_ID, COLUMN_NAME, HEADER_TEXT, DATA_TYPE, DISPLAY_ORDER, SORTABLE, FILTERABLE, IS_VIRTUAL, DELETED, CREATE_TIME, UPDATE_TIME, CREATE_BY)
VALUES (1319, 121, 'PROJECTNO', '项目号', 'text', 6, 1, 1, 0, 0, SYSTIMESTAMP, SYSTIMESTAMP, 'system');
INSERT INTO T_COST_COLUMN_METADATA (ID, TABLE_METADATA_ID, COLUMN_NAME, HEADER_TEXT, DATA_TYPE, DISPLAY_ORDER, SORTABLE, FILTERABLE, IS_VIRTUAL, DELETED, CREATE_TIME, UPDATE_TIME, CREATE_BY)
VALUES (1320, 121, 'APEX_PL', '批量', 'number', 7, 1, 1, 0, 0, SYSTIMESTAMP, SYSTIMESTAMP, 'system');
INSERT INTO T_COST_COLUMN_METADATA (ID, TABLE_METADATA_ID, COLUMN_NAME, HEADER_TEXT, DATA_TYPE, DISPLAY_ORDER, SORTABLE, FILTERABLE, IS_VIRTUAL, DELETED, CREATE_TIME, UPDATE_TIME, CREATE_BY)
VALUES (1321, 121, 'ANNUAL_QTY', '年需求量', 'number', 8, 1, 1, 0, 0, SYSTIMESTAMP, SYSTIMESTAMP, 'system');
INSERT INTO T_COST_COLUMN_METADATA (ID, TABLE_METADATA_ID, COLUMN_NAME, HEADER_TEXT, DATA_TYPE, DISPLAY_ORDER, SORTABLE, FILTERABLE, IS_VIRTUAL, DELETED, CREATE_TIME, UPDATE_TIME, CREATE_BY)
VALUES (1322, 121, 'YIELD', '收率(%)', 'number', 9, 1, 1, 0, 0, SYSTIMESTAMP, SYSTIMESTAMP, 'system');
INSERT INTO T_COST_COLUMN_METADATA (ID, TABLE_METADATA_ID, COLUMN_NAME, HEADER_TEXT, DATA_TYPE, DISPLAY_ORDER, SORTABLE, FILTERABLE, IS_VIRTUAL, DELETED, CREATE_TIME, UPDATE_TIME, CREATE_BY)
VALUES (1323, 121, 'P_PERPACK', '每盒片数', 'number', 10, 1, 1, 0, 0, SYSTIMESTAMP, SYSTIMESTAMP, 'system');
INSERT INTO T_COST_COLUMN_METADATA (ID, TABLE_METADATA_ID, COLUMN_NAME, HEADER_TEXT, DATA_TYPE, DISPLAY_ORDER, SORTABLE, FILTERABLE, IS_VIRTUAL, DELETED, CREATE_TIME, UPDATE_TIME, CREATE_BY)
VALUES (1453, 121, 'M_PERPACK', '中盒装盒数', 'number', 11, 1, 1, 0, 0, SYSTIMESTAMP, SYSTIMESTAMP, 'system');
INSERT INTO T_COST_COLUMN_METADATA (ID, TABLE_METADATA_ID, COLUMN_NAME, HEADER_TEXT, DATA_TYPE, DISPLAY_ORDER, SORTABLE, FILTERABLE, IS_VIRTUAL, DELETED, CREATE_TIME, UPDATE_TIME, CREATE_BY)
VALUES (1324, 121, 'S_PERBACK', '每箱装盒数', 'number', 12, 1, 1, 0, 0, SYSTIMESTAMP, SYSTIMESTAMP, 'system');
INSERT INTO T_COST_COLUMN_METADATA (ID, TABLE_METADATA_ID, COLUMN_NAME, HEADER_TEXT, DATA_TYPE, DISPLAY_ORDER, SORTABLE, FILTERABLE, IS_VIRTUAL, DELETED, CREATE_TIME, UPDATE_TIME, CREATE_BY)
VALUES (1325, 121, 'X_PERBACK', '每托盘箱数', 'number', 13, 1, 1, 0, 0, SYSTIMESTAMP, SYSTIMESTAMP, 'system');
INSERT INTO T_COST_COLUMN_METADATA (ID, TABLE_METADATA_ID, COLUMN_NAME, HEADER_TEXT, DATA_TYPE, DISPLAY_ORDER, SORTABLE, FILTERABLE, IS_VIRTUAL, DELETED, CREATE_TIME, UPDATE_TIME, CREATE_BY)
VALUES (1326, 121, 'PACKTYPE', '包装形式', 'text', 14, 1, 1, 0, 0, SYSTIMESTAMP, SYSTIMESTAMP, 'system');
INSERT INTO T_COST_COLUMN_METADATA (ID, TABLE_METADATA_ID, COLUMN_NAME, HEADER_TEXT, DATA_TYPE, DISPLAY_ORDER, SORTABLE, FILTERABLE, IS_VIRTUAL, DELETED, CREATE_TIME, UPDATE_TIME, CREATE_BY)
VALUES (1327, 121, 'TOTAL_YL', '原料合计', 'number', 20, 1, 1, 0, 0, SYSTIMESTAMP, SYSTIMESTAMP, 'system');
INSERT INTO T_COST_COLUMN_METADATA (ID, TABLE_METADATA_ID, COLUMN_NAME, HEADER_TEXT, DATA_TYPE, DISPLAY_ORDER, SORTABLE, FILTERABLE, IS_VIRTUAL, DELETED, CREATE_TIME, UPDATE_TIME, CREATE_BY)
VALUES (1328, 121, 'TOTAL_FL', '辅料合计', 'number', 21, 1, 1, 0, 0, SYSTIMESTAMP, SYSTIMESTAMP, 'system');
INSERT INTO T_COST_COLUMN_METADATA (ID, TABLE_METADATA_ID, COLUMN_NAME, HEADER_TEXT, DATA_TYPE, DISPLAY_ORDER, SORTABLE, FILTERABLE, IS_VIRTUAL, DELETED, CREATE_TIME, UPDATE_TIME, CREATE_BY)
VALUES (1329, 121, 'TOTAL_BC', '包材合计', 'number', 22, 1, 1, 0, 0, SYSTIMESTAMP, SYSTIMESTAMP, 'system');
INSERT INTO T_COST_COLUMN_METADATA (ID, TABLE_METADATA_ID, COLUMN_NAME, HEADER_TEXT, DATA_TYPE, DISPLAY_ORDER, SORTABLE, FILTERABLE, IS_VIRTUAL, DELETED, CREATE_TIME, UPDATE_TIME, CREATE_BY)
VALUES (1330, 121, 'TOTAL_COST', '总物料成本', 'number', 23, 1, 1, 0, 0, SYSTIMESTAMP, SYSTIMESTAMP, 'system');
INSERT INTO T_COST_COLUMN_METADATA (ID, TABLE_METADATA_ID, COLUMN_NAME, HEADER_TEXT, DATA_TYPE, DISPLAY_ORDER, SORTABLE, FILTERABLE, IS_VIRTUAL, DELETED, CREATE_TIME, UPDATE_TIME, CREATE_BY)
VALUES (1331, 121, 'OUT_PRICE_RMB', '出厂价(RMB)', 'number', 24, 1, 1, 0, 0, SYSTIMESTAMP, SYSTIMESTAMP, 'system');
INSERT INTO T_COST_COLUMN_METADATA (ID, TABLE_METADATA_ID, COLUMN_NAME, HEADER_TEXT, DATA_TYPE, DISPLAY_ORDER, SORTABLE, FILTERABLE, IS_VIRTUAL, DELETED, CREATE_TIME, UPDATE_TIME, CREATE_BY)
VALUES (1332, 121, 'SALEMONEY', '每批销售额', 'number', 25, 1, 1, 0, 0, SYSTIMESTAMP, SYSTIMESTAMP, 'system');
INSERT INTO T_COST_COLUMN_METADATA (ID, TABLE_METADATA_ID, COLUMN_NAME, HEADER_TEXT, DATA_TYPE, DISPLAY_ORDER, SORTABLE, FILTERABLE, IS_VIRTUAL, DELETED, CREATE_TIME, UPDATE_TIME, CREATE_BY)
VALUES (1333, 121, 'JGF_BATCH', '每批加工费', 'number', 26, 1, 1, 0, 0, SYSTIMESTAMP, SYSTIMESTAMP, 'system');
INSERT INTO T_COST_COLUMN_METADATA (ID, TABLE_METADATA_ID, COLUMN_NAME, HEADER_TEXT, DATA_TYPE, DISPLAY_ORDER, SORTABLE, FILTERABLE, IS_VIRTUAL, DELETED, CREATE_TIME, UPDATE_TIME, CREATE_BY)
VALUES (1334, 121, 'COST_PERQP', '千片成本', 'number', 27, 1, 1, 0, 0, SYSTIMESTAMP, SYSTIMESTAMP, 'system');
INSERT INTO T_COST_COLUMN_METADATA (ID, TABLE_METADATA_ID, COLUMN_NAME, HEADER_TEXT, DATA_TYPE, DISPLAY_ORDER, SORTABLE, FILTERABLE, IS_VIRTUAL, DELETED, CREATE_TIME, UPDATE_TIME, CREATE_BY)
VALUES (1443, 121, 'COST_PERBOX', '每盒成本', 'number', 28, 1, 1, 0, 0, SYSTIMESTAMP, SYSTIMESTAMP, 'system');
INSERT INTO T_COST_COLUMN_METADATA (ID, TABLE_METADATA_ID, COLUMN_NAME, HEADER_TEXT, DATA_TYPE, DISPLAY_ORDER, SORTABLE, FILTERABLE, IS_VIRTUAL, DELETED, CREATE_TIME, UPDATE_TIME, CREATE_BY)
VALUES (1335, 121, 'JGF_PERQP', '千片加工费', 'number', 28, 1, 1, 0, 0, SYSTIMESTAMP, SYSTIMESTAMP, 'system');
INSERT INTO T_COST_COLUMN_METADATA (ID, TABLE_METADATA_ID, COLUMN_NAME, HEADER_TEXT, DATA_TYPE, DISPLAY_ORDER, SORTABLE, FILTERABLE, IS_VIRTUAL, DELETED, CREATE_TIME, UPDATE_TIME, CREATE_BY)
VALUES (1336, 121, 'ML_PERQP', '千片毛利', 'number', 29, 1, 1, 0, 0, SYSTIMESTAMP, SYSTIMESTAMP, 'system');
INSERT INTO T_COST_COLUMN_METADATA (ID, TABLE_METADATA_ID, COLUMN_NAME, HEADER_TEXT, DATA_TYPE, DISPLAY_ORDER, SORTABLE, FILTERABLE, IS_VIRTUAL, DELETED, CREATE_TIME, UPDATE_TIME, CREATE_BY)
VALUES (1337, 121, 'Y_JG_RE', '年加工费', 'number', 30, 1, 1, 0, 0, SYSTIMESTAMP, SYSTIMESTAMP, 'system');
INSERT INTO T_COST_COLUMN_METADATA (ID, TABLE_METADATA_ID, COLUMN_NAME, HEADER_TEXT, DATA_TYPE, DISPLAY_ORDER, SORTABLE, FILTERABLE, IS_VIRTUAL, DELETED, CREATE_TIME, UPDATE_TIME, CREATE_BY)
VALUES (1338, 121, 'Y_ML', '年毛利', 'number', 31, 1, 1, 0, 0, SYSTIMESTAMP, SYSTIMESTAMP, 'system');
INSERT INTO T_COST_COLUMN_METADATA (ID, TABLE_METADATA_ID, COLUMN_NAME, HEADER_TEXT, DATA_TYPE, DISPLAY_ORDER, SORTABLE, FILTERABLE, IS_VIRTUAL, DELETED, CREATE_TIME, UPDATE_TIME, CREATE_BY)
VALUES (1339, 121, 'Y_SALE', '年销售额', 'number', 32, 1, 1, 0, 0, SYSTIMESTAMP, SYSTIMESTAMP, 'system');
INSERT INTO T_COST_COLUMN_METADATA (ID, TABLE_METADATA_ID, COLUMN_NAME, HEADER_TEXT, DATA_TYPE, DISPLAY_ORDER, SORTABLE, FILTERABLE, IS_VIRTUAL, DELETED, CREATE_TIME, UPDATE_TIME, CREATE_BY)
VALUES (1340, 121, 'FMNAME', '币种', 'text', 33, 1, 1, 0, 0, SYSTIMESTAMP, SYSTIMESTAMP, 'system');
INSERT INTO T_COST_COLUMN_METADATA (ID, TABLE_METADATA_ID, COLUMN_NAME, HEADER_TEXT, DATA_TYPE, DISPLAY_ORDER, SORTABLE, FILTERABLE, IS_VIRTUAL, DELETED, CREATE_TIME, UPDATE_TIME, CREATE_BY)
VALUES (1341, 121, 'FMRATE', '汇率', 'number', 34, 1, 1, 0, 0, SYSTIMESTAMP, SYSTIMESTAMP, 'system');
INSERT INTO T_COST_COLUMN_METADATA (ID, TABLE_METADATA_ID, COLUMN_NAME, HEADER_TEXT, DATA_TYPE, DISPLAY_ORDER, SORTABLE, FILTERABLE, IS_VIRTUAL, DELETED, CREATE_TIME, UPDATE_TIME, CREATE_BY)
VALUES (1449, 121, 'MEMO', '备注', 'text', 35, 1, 1, 0, 0, SYSTIMESTAMP, SYSTIMESTAMP, 'system');
INSERT INTO T_COST_COLUMN_METADATA (ID, TABLE_METADATA_ID, COLUMN_NAME, HEADER_TEXT, DATA_TYPE, DISPLAY_ORDER, SORTABLE, FILTERABLE, IS_VIRTUAL, DELETED, CREATE_TIME, UPDATE_TIME, CREATE_BY)
VALUES (1451, 121, 'LIVERY', '分销商', 'text', 36, 1, 1, 0, 0, SYSTIMESTAMP, SYSTIMESTAMP, 'system');
INSERT INTO T_COST_COLUMN_METADATA (ID, TABLE_METADATA_ID, COLUMN_NAME, HEADER_TEXT, DATA_TYPE, DISPLAY_ORDER, SORTABLE, FILTERABLE, IS_VIRTUAL, DELETED, CREATE_TIME, UPDATE_TIME, CREATE_BY)
VALUES (1452, 121, 'TRANPOSID', '分销商ID', 'number', 37, 1, 1, 0, 0, SYSTIMESTAMP, SYSTIMESTAMP, 'system');


-- ============================================================
-- 3. 列元数据 - CostMaterial (原辅料明细)
-- ============================================================
INSERT INTO T_COST_COLUMN_METADATA (ID, TABLE_METADATA_ID, COLUMN_NAME, TARGET_COLUMN, HEADER_TEXT, DATA_TYPE, DISPLAY_ORDER, SORTABLE, FILTERABLE, IS_VIRTUAL, DELETED, CREATE_TIME, UPDATE_TIME, CREATE_BY)
VALUES (1342, 122, 'DTLID', 'DTLID', 'ID', 'number', 0, 1, 1, 0, 0, SYSTIMESTAMP, SYSTIMESTAMP, 'system');
INSERT INTO T_COST_COLUMN_METADATA (ID, TABLE_METADATA_ID, COLUMN_NAME, QUERY_COLUMN, TARGET_COLUMN, HEADER_TEXT, DATA_TYPE, DISPLAY_ORDER, SORTABLE, FILTERABLE, IS_VIRTUAL, DELETED, CREATE_TIME, UPDATE_TIME, CREATE_BY)
VALUES (1343, 122, 'DOCID', 'DOCID', 'DOCID', '主表ID', 'number', 1, 1, 1, 0, 0, SYSTIMESTAMP, SYSTIMESTAMP, 'system');
INSERT INTO T_COST_COLUMN_METADATA (ID, TABLE_METADATA_ID, COLUMN_NAME, HEADER_TEXT, DATA_TYPE, DISPLAY_ORDER, SORTABLE, FILTERABLE, IS_VIRTUAL, DELETED, CREATE_TIME, UPDATE_TIME, CREATE_BY)
VALUES (1447, 122, 'GOODSID', '物料ID', 'number', 2, 1, 1, 0, 0, SYSTIMESTAMP, SYSTIMESTAMP, 'system');
INSERT INTO T_COST_COLUMN_METADATA (ID, TABLE_METADATA_ID, COLUMN_NAME, HEADER_TEXT, DATA_TYPE, DISPLAY_ORDER, SORTABLE, FILTERABLE, IS_VIRTUAL, DELETED, CREATE_TIME, UPDATE_TIME, CREATE_BY)
VALUES (1344, 122, 'DTL_USEFLAG', '分类', 'text', 3, 1, 1, 1, 0, SYSTIMESTAMP, SYSTIMESTAMP, 'system');
INSERT INTO T_COST_COLUMN_METADATA (ID, TABLE_METADATA_ID, COLUMN_NAME, HEADER_TEXT, DATA_TYPE, DISPLAY_ORDER, SORTABLE, FILTERABLE, IS_VIRTUAL, DELETED, CREATE_TIME, UPDATE_TIME, CREATE_BY)
VALUES (1345, 122, 'GOODSNAME', '物料名称', 'text', 4, 1, 1, 1, 0, SYSTIMESTAMP, SYSTIMESTAMP, 'system');
INSERT INTO T_COST_COLUMN_METADATA (ID, TABLE_METADATA_ID, COLUMN_NAME, HEADER_TEXT, DATA_TYPE, DISPLAY_ORDER, SORTABLE, FILTERABLE, IS_VIRTUAL, DELETED, CREATE_TIME, UPDATE_TIME, CREATE_BY)
VALUES (1346, 122, 'STANDARDTYPE', '规格', 'text', 5, 1, 1, 1, 0, SYSTIMESTAMP, SYSTIMESTAMP, 'system');
INSERT INTO T_COST_COLUMN_METADATA (ID, TABLE_METADATA_ID, COLUMN_NAME, HEADER_TEXT, DATA_TYPE, DISPLAY_ORDER, SORTABLE, FILTERABLE, IS_VIRTUAL, DELETED, CREATE_TIME, UPDATE_TIME, CREATE_BY)
VALUES (1347, 122, 'PER_HL', '每片含量', 'number', 6, 1, 1, 0, 0, SYSTIMESTAMP, SYSTIMESTAMP, 'system');
INSERT INTO T_COST_COLUMN_METADATA (ID, TABLE_METADATA_ID, COLUMN_NAME, HEADER_TEXT, DATA_TYPE, DISPLAY_ORDER, SORTABLE, FILTERABLE, IS_VIRTUAL, DELETED, CREATE_TIME, UPDATE_TIME, CREATE_BY)
VALUES (1348, 122, 'EXADD_MATER', '额外投料量', 'number', 7, 1, 1, 0, 0, SYSTIMESTAMP, SYSTIMESTAMP, 'system');
INSERT INTO T_COST_COLUMN_METADATA (ID, TABLE_METADATA_ID, COLUMN_NAME, HEADER_TEXT, DATA_TYPE, DISPLAY_ORDER, SORTABLE, FILTERABLE, IS_VIRTUAL, DELETED, CREATE_TIME, UPDATE_TIME, CREATE_BY)
VALUES (1349, 122, 'PRICE', '单价', 'number', 8, 1, 1, 0, 0, SYSTIMESTAMP, SYSTIMESTAMP, 'system');
INSERT INTO T_COST_COLUMN_METADATA (ID, TABLE_METADATA_ID, COLUMN_NAME, HEADER_TEXT, DATA_TYPE, DISPLAY_ORDER, SORTABLE, FILTERABLE, IS_VIRTUAL, DELETED, CREATE_TIME, UPDATE_TIME, CREATE_BY)
VALUES (1350, 122, 'BATCH_QTY', '每批数量', 'number', 9, 1, 1, 0, 0, SYSTIMESTAMP, SYSTIMESTAMP, 'system');
INSERT INTO T_COST_COLUMN_METADATA (ID, TABLE_METADATA_ID, COLUMN_NAME, HEADER_TEXT, DATA_TYPE, DISPLAY_ORDER, SORTABLE, FILTERABLE, IS_VIRTUAL, DELETED, CREATE_TIME, UPDATE_TIME, CREATE_BY)
VALUES (1351, 122, 'COST_BATCH', '每批成本', 'number', 10, 1, 1, 0, 0, SYSTIMESTAMP, SYSTIMESTAMP, 'system');
INSERT INTO T_COST_COLUMN_METADATA (ID, TABLE_METADATA_ID, COLUMN_NAME, HEADER_TEXT, DATA_TYPE, DISPLAY_ORDER, SORTABLE, FILTERABLE, IS_VIRTUAL, DELETED, CREATE_TIME, UPDATE_TIME, CREATE_BY)
VALUES (1352, 122, 'FACTORYNAME', '供应商', 'text', 11, 1, 1, 1, 0, SYSTIMESTAMP, SYSTIMESTAMP, 'system');
INSERT INTO T_COST_COLUMN_METADATA (ID, TABLE_METADATA_ID, COLUMN_NAME, HEADER_TEXT, DATA_TYPE, DISPLAY_ORDER, SORTABLE, FILTERABLE, IS_VIRTUAL, DELETED, CREATE_TIME, UPDATE_TIME, CREATE_BY)
VALUES (1353, 122, 'GOODSTYPE', '物料分类', 'text', 12, 1, 1, 1, 0, SYSTIMESTAMP, SYSTIMESTAMP, 'system');
INSERT INTO T_COST_COLUMN_METADATA (ID, TABLE_METADATA_ID, COLUMN_NAME, HEADER_TEXT, DATA_TYPE, DISPLAY_ORDER, SORTABLE, FILTERABLE, IS_VIRTUAL, DELETED, CREATE_TIME, UPDATE_TIME, CREATE_BY)
VALUES (1444, 122, 'BASE_PRICE', '参考采购价', 'number', 13, 1, 1, 1, 0, SYSTIMESTAMP, SYSTIMESTAMP, 'system');

-- ============================================================
-- 4. 列元数据 - CostPackage (包材明细)
-- ============================================================
INSERT INTO T_COST_COLUMN_METADATA (ID, TABLE_METADATA_ID, COLUMN_NAME, TARGET_COLUMN, HEADER_TEXT, DATA_TYPE, DISPLAY_ORDER, SORTABLE, FILTERABLE, IS_VIRTUAL, DELETED, CREATE_TIME, UPDATE_TIME, CREATE_BY)
VALUES (1354, 123, 'DTLID', 'DTLID', 'ID', 'number', 0, 1, 1, 0, 0, SYSTIMESTAMP, SYSTIMESTAMP, 'system');
INSERT INTO T_COST_COLUMN_METADATA (ID, TABLE_METADATA_ID, COLUMN_NAME, QUERY_COLUMN, TARGET_COLUMN, HEADER_TEXT, DATA_TYPE, DISPLAY_ORDER, SORTABLE, FILTERABLE, IS_VIRTUAL, DELETED, CREATE_TIME, UPDATE_TIME, CREATE_BY)
VALUES (1355, 123, 'DOCID', 'DOCID', 'DOCID', '主表ID', 'number', 1, 1, 1, 0, 0, SYSTIMESTAMP, SYSTIMESTAMP, 'system');
INSERT INTO T_COST_COLUMN_METADATA (ID, TABLE_METADATA_ID, COLUMN_NAME, HEADER_TEXT, DATA_TYPE, DISPLAY_ORDER, SORTABLE, FILTERABLE, IS_VIRTUAL, DELETED, CREATE_TIME, UPDATE_TIME, CREATE_BY)
VALUES (1448, 123, 'GOODSID', '物料ID', 'number', 2, 1, 1, 0, 0, SYSTIMESTAMP, SYSTIMESTAMP, 'system');
INSERT INTO T_COST_COLUMN_METADATA (ID, TABLE_METADATA_ID, COLUMN_NAME, HEADER_TEXT, DATA_TYPE, DISPLAY_ORDER, SORTABLE, FILTERABLE, IS_VIRTUAL, DELETED, CREATE_TIME, UPDATE_TIME, CREATE_BY)
VALUES (1356, 123, 'DTL_USEFLAG', '包材类型', 'text', 3, 1, 1, 1, 0, SYSTIMESTAMP, SYSTIMESTAMP, 'system');
INSERT INTO T_COST_COLUMN_METADATA (ID, TABLE_METADATA_ID, COLUMN_NAME, HEADER_TEXT, DATA_TYPE, DISPLAY_ORDER, SORTABLE, FILTERABLE, IS_VIRTUAL, DELETED, CREATE_TIME, UPDATE_TIME, CREATE_BY)
VALUES (1357, 123, 'GOODSNAME', '包材名称', 'text', 4, 1, 1, 1, 0, SYSTIMESTAMP, SYSTIMESTAMP, 'system');
INSERT INTO T_COST_COLUMN_METADATA (ID, TABLE_METADATA_ID, COLUMN_NAME, HEADER_TEXT, DATA_TYPE, DISPLAY_ORDER, SORTABLE, FILTERABLE, IS_VIRTUAL, DELETED, CREATE_TIME, UPDATE_TIME, CREATE_BY)
VALUES (1358, 123, 'STANDARDTYPE', '规格型号', 'text', 5, 1, 1, 1, 0, SYSTIMESTAMP, SYSTIMESTAMP, 'system');
INSERT INTO T_COST_COLUMN_METADATA (ID, TABLE_METADATA_ID, COLUMN_NAME, HEADER_TEXT, DATA_TYPE, DISPLAY_ORDER, SORTABLE, FILTERABLE, IS_VIRTUAL, DELETED, CREATE_TIME, UPDATE_TIME, CREATE_BY)
VALUES (1359, 123, 'SUQTY', '用量', 'number', 6, 1, 1, 1, 0, SYSTIMESTAMP, SYSTIMESTAMP, 'system');
INSERT INTO T_COST_COLUMN_METADATA (ID, TABLE_METADATA_ID, COLUMN_NAME, HEADER_TEXT, DATA_TYPE, DISPLAY_ORDER, SORTABLE, FILTERABLE, IS_VIRTUAL, DELETED, CREATE_TIME, UPDATE_TIME, CREATE_BY)
VALUES (1360, 123, 'PRICE', '包材单价', 'number', 7, 1, 1, 0, 0, SYSTIMESTAMP, SYSTIMESTAMP, 'system');
INSERT INTO T_COST_COLUMN_METADATA (ID, TABLE_METADATA_ID, COLUMN_NAME, HEADER_TEXT, DATA_TYPE, DISPLAY_ORDER, SORTABLE, FILTERABLE, IS_VIRTUAL, DELETED, CREATE_TIME, UPDATE_TIME, CREATE_BY)
VALUES (1361, 123, 'BATCH_QTY', '每批数量', 'number', 8, 1, 1, 0, 0, SYSTIMESTAMP, SYSTIMESTAMP, 'system');
INSERT INTO T_COST_COLUMN_METADATA (ID, TABLE_METADATA_ID, COLUMN_NAME, HEADER_TEXT, DATA_TYPE, DISPLAY_ORDER, SORTABLE, FILTERABLE, IS_VIRTUAL, DELETED, CREATE_TIME, UPDATE_TIME, CREATE_BY)
VALUES (1362, 123, 'COST_BATCH', '包材成本', 'number', 9, 1, 1, 0, 0, SYSTIMESTAMP, SYSTIMESTAMP, 'system');
INSERT INTO T_COST_COLUMN_METADATA (ID, TABLE_METADATA_ID, COLUMN_NAME, HEADER_TEXT, DATA_TYPE, DISPLAY_ORDER, SORTABLE, FILTERABLE, IS_VIRTUAL, DELETED, CREATE_TIME, UPDATE_TIME, CREATE_BY)
VALUES (1363, 123, 'FACTORYNAME', '包材供应商', 'text', 10, 1, 1, 1, 0, SYSTIMESTAMP, SYSTIMESTAMP, 'system');
INSERT INTO T_COST_COLUMN_METADATA (ID, TABLE_METADATA_ID, COLUMN_NAME, HEADER_TEXT, DATA_TYPE, DISPLAY_ORDER, SORTABLE, FILTERABLE, IS_VIRTUAL, DELETED, CREATE_TIME, UPDATE_TIME, CREATE_BY)
VALUES (1364, 123, 'GOODSTYPE', '包材分类', 'text', 11, 1, 1, 1, 0, SYSTIMESTAMP, SYSTIMESTAMP, 'system');
INSERT INTO T_COST_COLUMN_METADATA (ID, TABLE_METADATA_ID, COLUMN_NAME, HEADER_TEXT, DATA_TYPE, DISPLAY_ORDER, SORTABLE, FILTERABLE, IS_VIRTUAL, DELETED, CREATE_TIME, UPDATE_TIME, CREATE_BY)
VALUES (1445, 123, 'BASE_PRICE', '参考采购价', 'number', 12, 1, 1, 1, 0, SYSTIMESTAMP, SYSTIMESTAMP, 'system');


-- ============================================================
-- 5. 页面组件
-- ============================================================
INSERT INTO T_COST_PAGE_COMPONENT (ID, PAGE_CODE, COMPONENT_KEY, COMPONENT_TYPE, PARENT_KEY, COMPONENT_CONFIG, REF_TABLE_CODE, SORT_ORDER, DELETED, CREATE_TIME, UPDATE_TIME, CREATE_BY)
VALUES (113, 'cost-pinggu', 'root', 'LAYOUT', NULL, '{"direction":"vertical","gap":8}', NULL, 0, 0, SYSTIMESTAMP, SYSTIMESTAMP, 'system');

INSERT INTO T_COST_PAGE_COMPONENT (ID, PAGE_CODE, COMPONENT_KEY, COMPONENT_TYPE, PARENT_KEY, COMPONENT_CONFIG, REF_TABLE_CODE, SORT_ORDER, DELETED, CREATE_TIME, UPDATE_TIME, CREATE_BY)
VALUES (114, 'cost-pinggu', 'masterGrid', 'GRID', 'root', '{"height":"50%","selectionMode":"single","broadcast":["APEX_PL","P_PERPACK","M_PERPACK","S_PERBACK","X_PERBACK"],"buttons":[{"action":"addRow","label":"新增"},{"action":"copyRow","label":"复制","requiresRow":true},{"action":"deleteRow","label":"删除","requiresRow":true},{"action":"generateFromBom","label":"由BOM生成明细","requiresRow":true,"procedure":"P_COST_BOM_INSERT","params":[{"source":"data.DOCID","mode":"IN","jdbcType":"NUMERIC"}]},{"action":"syncPrice","label":"同步采购价","procedure":"P_PINGGU_COMPUTE_ALL","params":[]},{"action":"saveGridConfig","label":"保存列配置"},{"action":"save","label":"保存"}]}', 'CostPinggu', 1, 0, SYSTIMESTAMP, SYSTIMESTAMP, 'system');

INSERT INTO T_COST_PAGE_COMPONENT (ID, PAGE_CODE, COMPONENT_KEY, COMPONENT_TYPE, PARENT_KEY, COMPONENT_CONFIG, REF_TABLE_CODE, SORT_ORDER, DELETED, CREATE_TIME, UPDATE_TIME, CREATE_BY)
VALUES (115, 'cost-pinggu', 'material', 'DETAIL_GRID', 'root', '{"title":"原料/辅料","buttons":[{"action":"addRow","label":"明细新增","position":"both","toolbarAlias":"新增原料"},{"action":"copyRow","label":"明细复制","requiresRow":true,"position":"context"},{"action":"deleteRow","label":"明细删除","requiresRow":true,"position":"both","toolbarAlias":"删除原料"},{"action":"saveGridConfig","label":"保存列配置","position":"context"},{"action":"clipboard.copy","label":"复制","position":"context"},{"action":"clipboard.paste","label":"粘贴","position":"context"}]}', 'CostMaterial', 2, 0, SYSTIMESTAMP, SYSTIMESTAMP, 'system');

INSERT INTO T_COST_PAGE_COMPONENT (ID, PAGE_CODE, COMPONENT_KEY, COMPONENT_TYPE, PARENT_KEY, COMPONENT_CONFIG, REF_TABLE_CODE, SORT_ORDER, DELETED, CREATE_TIME, UPDATE_TIME, CREATE_BY)
VALUES (116, 'cost-pinggu', 'package', 'DETAIL_GRID', 'root', '{"title":"包材","buttons":[{"action":"addRow","label":"明细新增","position":"both","toolbarAlias":"新增包材"},{"action":"copyRow","label":"明细复制","requiresRow":true,"position":"context"},{"action":"deleteRow","label":"明细删除","requiresRow":true,"position":"both","toolbarAlias":"删除包材"},{"action":"saveGridConfig","label":"保存列配置","position":"context"},{"action":"clipboard.copy","label":"复制","position":"context"},{"action":"clipboard.paste","label":"粘贴","position":"context"}]}', 'CostPackage', 3, 0, SYSTIMESTAMP, SYSTIMESTAMP, 'system');

-- ============================================================
-- 6. 页面规则 - masterGrid
-- ============================================================
INSERT INTO T_COST_PAGE_RULE (ID, PAGE_CODE, COMPONENT_KEY, RULE_TYPE, RULES, SORT_ORDER, DELETED, CREATE_TIME, UPDATE_TIME, CREATE_BY)
VALUES (473, 'cost-pinggu', 'masterGrid', 'COLUMN_OVERRIDE', '[{"columnName":"DOCID","visible":true,"editable":false},{"columnName":"GOODSID","visible":true,"editable":false},{"columnName":"GOODSNAME","visible":true,"editable":true,"searchable":true},{"columnName":"GOODSNAME_EN","visible":true,"editable":true},{"columnName":"STRENGTH","visible":true,"editable":true},{"columnName":"CUSTOMID","visible":true,"editable":false},{"columnName":"CUSTOMNAME","visible":true,"editable":true,"searchable":true},{"columnName":"COUNTRY","visible":true,"editable":true},{"columnName":"TRANPOSID","visible":true,"editable":false},{"columnName":"LIVERY","visible":true,"editable":true},{"columnName":"PROJECTNO","visible":true,"editable":true},{"columnName":"APEX_PL","visible":true,"editable":true},{"columnName":"ANNUAL_QTY","visible":true,"editable":true},{"columnName":"YIELD","visible":true,"editable":true},{"columnName":"P_PERPACK","visible":true,"editable":true},{"columnName":"M_PERPACK","visible":true,"editable":true},{"columnName":"S_PERBACK","visible":true,"editable":true},{"columnName":"X_PERBACK","visible":true,"editable":true},{"columnName":"PACKTYPE","visible":true,"editable":true},{"columnName":"TOTAL_YL","visible":true,"editable":false},{"columnName":"TOTAL_FL","visible":true,"editable":false},{"columnName":"TOTAL_BC","visible":true,"editable":false},{"columnName":"TOTAL_COST","visible":true,"editable":false},{"columnName":"OUT_PRICE_RMB","visible":true,"editable":true},{"columnName":"SALEMONEY","visible":true,"editable":false},{"columnName":"JGF_BATCH","visible":true,"editable":false},{"columnName":"COST_PERQP","visible":true,"editable":true},{"columnName":"COST_PERBOX","visible":true,"editable":false},{"columnName":"JGF_PERQP","visible":true,"editable":false},{"columnName":"ML_PERQP","visible":true,"editable":false},{"columnName":"Y_JG_RE","visible":true,"editable":false},{"columnName":"Y_ML","visible":true,"editable":false},{"columnName":"Y_SALE","visible":true,"editable":false},{"columnName":"FMNAME","visible":true,"editable":true},{"columnName":"FMRATE","visible":true,"editable":true},{"columnName":"MEMO","visible":true,"editable":true}]', 0, 0, SYSTIMESTAMP, SYSTIMESTAMP, 'system');

INSERT INTO T_COST_PAGE_RULE (ID, PAGE_CODE, COMPONENT_KEY, RULE_TYPE, RULES, SORT_ORDER, DELETED, CREATE_TIME, UPDATE_TIME, CREATE_BY)
VALUES (474, 'cost-pinggu', 'masterGrid', 'VALIDATION', '[]', 0, 0, SYSTIMESTAMP, SYSTIMESTAMP, 'system');

INSERT INTO T_COST_PAGE_RULE (ID, PAGE_CODE, COMPONENT_KEY, RULE_TYPE, RULES, SORT_ORDER, DELETED, CREATE_TIME, UPDATE_TIME, CREATE_BY)
VALUES (475, 'cost-pinggu', 'masterGrid', 'CALC', '[
  {"field":"SALEMONEY","expression":"CostPinggu.OUT_PRICE_RMB / CostPinggu.P_PERPACK * CostPinggu.APEX_PL * (CostPinggu.YIELD / 100)","triggerFields":["CostPinggu.OUT_PRICE_RMB","CostPinggu.P_PERPACK","CostPinggu.APEX_PL","CostPinggu.YIELD"]},
  {"field":"JGF_BATCH","expression":"CostPinggu.SALEMONEY - CostPinggu.TOTAL_COST","triggerFields":["CostPinggu.SALEMONEY","CostPinggu.TOTAL_COST"]},
  {"field":"COST_PERBOX","expression":"CostPinggu.TOTAL_COST / CostPinggu.APEX_PL * CostPinggu.P_PERPACK","triggerFields":["CostPinggu.TOTAL_COST","CostPinggu.APEX_PL","CostPinggu.P_PERPACK"]},
  {"field":"JGF_PERQP","expression":"CostPinggu.JGF_BATCH / CostPinggu.APEX_PL * 1000","triggerFields":["CostPinggu.JGF_BATCH","CostPinggu.APEX_PL"]},
  {"field":"ML_PERQP","expression":"CostPinggu.JGF_PERQP - CostPinggu.COST_PERQP","triggerFields":["CostPinggu.JGF_PERQP","CostPinggu.COST_PERQP"]},
  {"field":"Y_JG_RE","expression":"CostPinggu.JGF_PERQP / 1000 * CostPinggu.ANNUAL_QTY","triggerFields":["CostPinggu.JGF_PERQP","CostPinggu.ANNUAL_QTY"]},
  {"field":"Y_ML","expression":"CostPinggu.ML_PERQP / 1000 * CostPinggu.ANNUAL_QTY","triggerFields":["CostPinggu.ML_PERQP","CostPinggu.ANNUAL_QTY"]},
  {"field":"Y_SALE","expression":"CostPinggu.ANNUAL_QTY / CostPinggu.P_PERPACK * CostPinggu.OUT_PRICE_RMB * CostPinggu.YIELD","triggerFields":["CostPinggu.ANNUAL_QTY","CostPinggu.P_PERPACK","CostPinggu.OUT_PRICE_RMB","CostPinggu.YIELD"]},
  {"field":"TOTAL_YL","expression":"SUM_IF(''CostMaterial.COST_BATCH'', \"CostMaterial.DTL_USEFLAG == ''原料''\") * (SUM_IF(''CostMaterial.COST_BATCH'', \"CostMaterial.DTL_USEFLAG == ''原料''\") > 0 ? 1 / 1.13 : 1)","triggerFields":["CostMaterial.COST_BATCH","CostMaterial.DTL_USEFLAG"]},
  {"field":"TOTAL_FL","expression":"SUM_IF(''CostMaterial.COST_BATCH'', \"CostMaterial.DTL_USEFLAG == ''辅料''\") * (SUM_IF(''CostMaterial.COST_BATCH'', \"CostMaterial.DTL_USEFLAG == ''原料''\") > 0 ? 1 / 1.13 : 1)","triggerFields":["CostMaterial.COST_BATCH","CostMaterial.DTL_USEFLAG"],"order":9},
  {"field":"TOTAL_BC","expression":"SUM_IF(''CostPackage.COST_BATCH'', \"CostPackage.DTL_USEFLAG == ''印字包材'' || CostPackage.DTL_USEFLAG == ''非印字包材''\") * (SUM_IF(''CostMaterial.COST_BATCH'', \"CostMaterial.DTL_USEFLAG == ''原料''\") > 0 ? 1 / 1.13 : 1)","triggerFields":["CostPackage.COST_BATCH","CostPackage.DTL_USEFLAG","CostMaterial.COST_BATCH","CostMaterial.DTL_USEFLAG"],"order":10},
  {"field":"TOTAL_COST","expression":"CostPinggu.TOTAL_YL + CostPinggu.TOTAL_FL + CostPinggu.TOTAL_BC","triggerFields":["CostPinggu.TOTAL_YL","CostPinggu.TOTAL_FL","CostPinggu.TOTAL_BC"],"order":11}
]', 0, 0, SYSTIMESTAMP, SYSTIMESTAMP, 'system');

INSERT INTO T_COST_PAGE_RULE (ID, PAGE_CODE, COMPONENT_KEY, RULE_TYPE, RULES, SORT_ORDER, DELETED, CREATE_TIME, UPDATE_TIME, CREATE_BY)
VALUES (476, 'cost-pinggu', 'masterGrid', 'AGGREGATE', '[]', 0, 0, SYSTIMESTAMP, SYSTIMESTAMP, 'system');

INSERT INTO T_COST_PAGE_RULE (ID, PAGE_CODE, COMPONENT_KEY, RULE_TYPE, RULES, SORT_ORDER, DELETED, CREATE_TIME, UPDATE_TIME, CREATE_BY)
VALUES (477, 'cost-pinggu', 'masterGrid', 'LOOKUP', '[{"columnName":"GOODSNAME","lookupCode":"costGoods","mapping":{"GOODSID":"GOODSID","GOODSNAME":"GOODSNAME","MA_NO":"MA_NO","APEX_PL":"APEX_PL","MAH":"MAH","P_PERPACK":"P_PERPACK","M_PERPACK":"M_PERPACK","S_PERBACK":"S_PERBACK","CUSTOMID":"CUSTOMID","CUSTOMNAME":"CUSTOMNAME","MEMO":"MEMO","STRENGTH":"STRENGTH","LIVERY":"LIVERY","TRANPOSID":"TRANPOSID"}},{"columnName":"FMNAME","lookupCode":"formoney","mapping":{"FMNAME":"FMNAME","FMRATE":"FMRATE"}},{"columnName":"CUSTOMNAME","lookupCode":"costCustomer","mapping":{"CUSTOMID":"CUSTOMID","CUSTOMNAME":"CUSTOMNAME","COUNTRY":"COUNTRY","TRANPOSID":"TRANPOSID","LIVERY":"LIVERY"}}]', 0, 0, SYSTIMESTAMP, SYSTIMESTAMP, 'system');

INSERT INTO T_COST_PAGE_RULE (ID, PAGE_CODE, COMPONENT_KEY, RULE_TYPE, RULES, SORT_ORDER, DELETED, CREATE_TIME, UPDATE_TIME, CREATE_BY)
VALUES (486, 'cost-pinggu', 'masterGrid', 'ROLE_BINDING', '{"role":"MASTER_GRID"}', 0, 0, SYSTIMESTAMP, SYSTIMESTAMP, 'system');

INSERT INTO T_COST_PAGE_RULE (ID, PAGE_CODE, COMPONENT_KEY, RULE_TYPE, RULES, SORT_ORDER, DELETED, CREATE_TIME, UPDATE_TIME, CREATE_BY)
VALUES (487, 'cost-pinggu', 'masterGrid', 'GRID_OPTIONS', '{"cellSelection":true,"sideBar":true}', 0, 0, SYSTIMESTAMP, SYSTIMESTAMP, 'system');

INSERT INTO T_COST_PAGE_RULE (ID, PAGE_CODE, COMPONENT_KEY, RULE_TYPE, RULES, SORT_ORDER, DELETED, CREATE_TIME, UPDATE_TIME, CREATE_BY)
VALUES (544, 'cost-pinggu', 'masterGrid', 'ROW_CLASS', '[{"field":"MEMO","operator":"eq","value":"ERP未搭建BOM","style":{"backgroundColor":"#ffcccc"}}]', 0, 0, SYSTIMESTAMP, SYSTIMESTAMP, 'system');

-- ============================================================
-- 7. 页面规则 - masterGrid (全局配置：BROADCAST, SUMMARY_CONFIG)
-- ============================================================
INSERT INTO T_COST_PAGE_RULE (ID, PAGE_CODE, COMPONENT_KEY, RULE_TYPE, RULES, SORT_ORDER, DELETED, CREATE_TIME, UPDATE_TIME, CREATE_BY)
VALUES (488, 'cost-pinggu', 'masterGrid', 'ROLE_BINDING', '{"role":"MASTER_GRID"}', 0, 0, SYSTIMESTAMP, SYSTIMESTAMP, 'system');

INSERT INTO T_COST_PAGE_RULE (ID, PAGE_CODE, COMPONENT_KEY, RULE_TYPE, RULES, SORT_ORDER, DELETED, CREATE_TIME, UPDATE_TIME, CREATE_BY)
VALUES (490, 'cost-pinggu', 'masterGrid', 'BROADCAST', '["APEX_PL","P_PERPACK","M_PERPACK","S_PERBACK","X_PERBACK"]', 0, 0, SYSTIMESTAMP, SYSTIMESTAMP, 'system');

INSERT INTO T_COST_PAGE_RULE (ID, PAGE_CODE, COMPONENT_KEY, RULE_TYPE, RULES, SORT_ORDER, DELETED, CREATE_TIME, UPDATE_TIME, CREATE_BY)
VALUES (491, 'cost-pinggu', 'masterGrid', 'SUMMARY_CONFIG', '{"enabled":true,"groupLabelField":"groupLabel","groupLabelHeader":"分类","summaryColumns":[{"field":"totalAmount","headerName":"汇总金额","width":null},{"field":"rowCount","headerName":"行数","width":null}],"summaryAggregates":[{"sourceField":"COST_BATCH","targetField":"totalAmount","algorithm":"SUM"},{"sourceField":"COST_BATCH","targetField":"rowCount","algorithm":"COUNT"}]}', 0, 0, SYSTIMESTAMP, SYSTIMESTAMP, 'system');

-- ============================================================
-- 8. 页面规则 - material (原辅料明细)
-- ============================================================
INSERT INTO T_COST_PAGE_RULE (ID, PAGE_CODE, COMPONENT_KEY, RULE_TYPE, RULES, SORT_ORDER, DELETED, CREATE_TIME, UPDATE_TIME, CREATE_BY)
VALUES (478, 'cost-pinggu', 'material', 'COLUMN_OVERRIDE', '[{"columnName":"DTLID","visible":true,"editable":false},{"columnName":"DOCID","visible":true,"editable":false},{"columnName":"GOODSID","visible":true,"editable":false},{"columnName":"DTL_USEFLAG","visible":true,"editable":false},{"columnName":"GOODSNAME","visible":true,"editable":true},{"columnName":"STANDARDTYPE","visible":true,"editable":false},{"columnName":"PER_HL","visible":true,"editable":true},{"columnName":"EXADD_MATER","visible":true,"editable":true},{"columnName":"PRICE","visible":true,"editable":true},{"columnName":"BATCH_QTY","visible":true,"editable":false},{"columnName":"COST_BATCH","visible":true,"editable":false},{"columnName":"FACTORYNAME","visible":true,"editable":false},{"columnName":"BASE_PRICE","visible":true,"editable":false}]', 0, 0, SYSTIMESTAMP, SYSTIMESTAMP, 'system');

INSERT INTO T_COST_PAGE_RULE (ID, PAGE_CODE, COMPONENT_KEY, RULE_TYPE, RULES, SORT_ORDER, DELETED, CREATE_TIME, UPDATE_TIME, CREATE_BY)
VALUES (479, 'cost-pinggu', 'material', 'VALIDATION', '[{"field":"PER_HL","required":true,"min":0.001,"message":"每片含量必填且必须大于0"},{"field":"PRICE","required":true,"min":0,"message":"单价必填且不能为负数"}]', 0, 0, SYSTIMESTAMP, SYSTIMESTAMP, 'system');

INSERT INTO T_COST_PAGE_RULE (ID, PAGE_CODE, COMPONENT_KEY, RULE_TYPE, RULES, SORT_ORDER, DELETED, CREATE_TIME, UPDATE_TIME, CREATE_BY)
VALUES (480, 'cost-pinggu', 'material', 'CALC', '[
  {"field":"BATCH_QTY","formulaField":"CostMaterial.GOODSNAME","formulas":{"__branch_0":{"key":"胶囊","expression":"CostPinggu.APEX_PL / 10000 * (1 + CostMaterial.EXADD_MATER / 100)","triggerFields":["CostPinggu.APEX_PL","CostMaterial.EXADD_MATER"],"matchType":"regex"},"__branch_1":{"key":"^(?!.*胶囊).*$","expression":"CostMaterial.PER_HL * CostPinggu.APEX_PL * (1 + CostMaterial.EXADD_MATER / 100) / 1000000","triggerFields":["CostMaterial.PER_HL","CostPinggu.APEX_PL","CostMaterial.EXADD_MATER"],"matchType":"regex"}}},
  {"field":"COST_BATCH","expression":"CostMaterial.BATCH_QTY * CostMaterial.PRICE","triggerFields":["CostMaterial.BATCH_QTY","CostMaterial.PRICE"]}
]', 0, 0, SYSTIMESTAMP, SYSTIMESTAMP, 'system');

INSERT INTO T_COST_PAGE_RULE (ID, PAGE_CODE, COMPONENT_KEY, RULE_TYPE, RULES, SORT_ORDER, DELETED, CREATE_TIME, UPDATE_TIME, CREATE_BY)
VALUES (481, 'cost-pinggu', 'material', 'LOOKUP', '[{"columnName":"GOODSNAME","lookupCode":"costMaterial","mapping":{"GOODSID":"GOODSID","GOODSNAME":"GOODSNAME","STANDARDTYPE":"GOODSTYPE","PRICE":"PRICE","FACTORYNAME":"FACTORYNAME","BASE_PRICE":"PRICE"}}]', 0, 0, SYSTIMESTAMP, SYSTIMESTAMP, 'system');

-- ============================================================
-- 9. 页面规则 - package (包材明细)
-- ============================================================
INSERT INTO T_COST_PAGE_RULE (ID, PAGE_CODE, COMPONENT_KEY, RULE_TYPE, RULES, SORT_ORDER, DELETED, CREATE_TIME, UPDATE_TIME, CREATE_BY)
VALUES (482, 'cost-pinggu', 'package', 'COLUMN_OVERRIDE', '[{"columnName":"DTLID","visible":true,"editable":false},{"columnName":"DOCID","visible":true,"editable":false},{"columnName":"GOODSID","visible":true,"editable":false},{"columnName":"DTL_USEFLAG","visible":true,"editable":false},{"columnName":"GOODSNAME","visible":true,"editable":true},{"columnName":"STANDARDTYPE","visible":true,"editable":false},{"columnName":"SUQTY","visible":true,"editable":false},{"columnName":"PRICE","visible":true,"editable":true},{"columnName":"BATCH_QTY","visible":true,"editable":false},{"columnName":"COST_BATCH","visible":true,"editable":false},{"columnName":"FACTORYNAME","visible":true,"editable":false},{"columnName":"BASE_PRICE","visible":true,"editable":false}]', 0, 0, SYSTIMESTAMP, SYSTIMESTAMP, 'system');

INSERT INTO T_COST_PAGE_RULE (ID, PAGE_CODE, COMPONENT_KEY, RULE_TYPE, RULES, SORT_ORDER, DELETED, CREATE_TIME, UPDATE_TIME, CREATE_BY)
VALUES (483, 'cost-pinggu', 'package', 'VALIDATION', '[{"field":"PRICE","min":0,"message":"包材单价不能为负数"}]', 0, 0, SYSTIMESTAMP, SYSTIMESTAMP, 'system');

INSERT INTO T_COST_PAGE_RULE (ID, PAGE_CODE, COMPONENT_KEY, RULE_TYPE, RULES, SORT_ORDER, DELETED, CREATE_TIME, UPDATE_TIME, CREATE_BY)
VALUES (484, 'cost-pinggu', 'package', 'CALC', '[
  {"field":"COST_BATCH","expression":"CostPackage.BATCH_QTY * CostPackage.PRICE","triggerFields":["CostPackage.BATCH_QTY","CostPackage.PRICE"]},
  {"field":"BATCH_QTY","formulaField":"CostPackage.GOODSNAME","formulas":{"__branch_0":{"key":"桶|说明书|小盒|标签|瓶|盖","expression":"CostPinggu.APEX_PL / CostPinggu.P_PERPACK * (1 + CostPackage.EXADD_MATER / 100)","triggerFields":["CostPinggu.APEX_PL","CostPinggu.P_PERPACK","CostPackage.EXADD_MATER"],"matchType":"regex"},"__branch_1":{"key":"硬片|铝箔|复合膜","expression":"CostPackage.PER_HL * CostPinggu.APEX_PL * (1 + CostPackage.EXADD_MATER / 100) / 1000000","triggerFields":["CostPackage.PER_HL","CostPinggu.APEX_PL","CostPackage.EXADD_MATER"],"matchType":"regex"},"__branch_2":{"key":"大纸箱","expression":"ceil(CostPinggu.APEX_PL / (CostPinggu.P_PERPACK * CostPinggu.S_PERBACK) * (1 + CostPackage.EXADD_MATER / 100))","triggerFields":["CostPinggu.APEX_PL","CostPinggu.P_PERPACK","CostPinggu.S_PERBACK","CostPackage.EXADD_MATER"],"matchType":"regex"},"__branch_3":{"key":"托盘","expression":"ceil(CostPinggu.APEX_PL / (CostPinggu.P_PERPACK * CostPinggu.S_PERBACK * CostPinggu.X_PERBACK) * (1 + CostPackage.EXADD_MATER / 100))","triggerFields":["CostPinggu.APEX_PL","CostPinggu.P_PERPACK","CostPinggu.S_PERBACK","CostPinggu.X_PERBACK","CostPackage.EXADD_MATER"],"matchType":"regex"},"__branch_4":{"key":"中盒","expression":"ceil(CostPinggu.APEX_PL / (CostPinggu.M_PERPACK * CostPinggu.S_PERBACK) * (1 + CostPackage.EXADD_MATER / 100))","triggerFields":["CostPinggu.APEX_PL","CostPinggu.M_PERPACK","CostPinggu.S_PERBACK","CostPackage.EXADD_MATER"],"matchType":"regex"}}}
]', 0, 0, SYSTIMESTAMP, SYSTIMESTAMP, 'system');

INSERT INTO T_COST_PAGE_RULE (ID, PAGE_CODE, COMPONENT_KEY, RULE_TYPE, RULES, SORT_ORDER, DELETED, CREATE_TIME, UPDATE_TIME, CREATE_BY)
VALUES (485, 'cost-pinggu', 'package', 'LOOKUP', '[{"columnName":"GOODSNAME","lookupCode":"costMaterial","mapping":{"GOODSID":"GOODSID","GOODSNAME":"GOODSNAME","STANDARDTYPE":"GOODSTYPE","PRICE":"PRICE","FACTORYNAME":"FACTORYNAME","SUQTY":"LASTSUQTY"}}]', 0, 0, SYSTIMESTAMP, SYSTIMESTAMP, 'system');
